arxiv_id,title,published_date,authors,screening_decision,exclusion_reason,screening_confidence,screening_notes
2412.17101v2,E-LoQ: Enhanced Locking for Quantum Circuit IP Protection,2024-12-22 17:29:24+00:00,redacted_for_anonymous_review,exclude,out_of_scope_paradigm,HIGH,"The paper falls outside the scoped paradigms for this field-study pass, even if it is quantum-software-adjacent."
2410.09326v2,QOPS: A Compiler Framework for Quantum Circuit Simulation Acceleration with Profile Guided Optimizations,2024-10-12 01:54:09+00:00,redacted_for_anonymous_review,exclude,out_of_scope_paradigm,HIGH,"The paper falls outside the scoped paradigms for this field-study pass, even if it is quantum-software-adjacent."
2407.01010v2,Multi-target quantum compilation algorithm,2024-07-01 06:47:24+00:00,redacted_for_anonymous_review,include,,MEDIUM,Abstract indicates an in-scope compilation/transpilation or software-stack comparison on quantitative resource or performance metrics. Kept for full-text claim extraction.
2405.05875v2,A Genetic Approach to Minimising Gate and Qubit Teleportations for Multi-Processor Quantum Circuit Distribution,2024-05-09 16:03:41+00:00,redacted_for_anonymous_review,include,,MEDIUM,Abstract indicates an in-scope compilation/transpilation or software-stack comparison on quantitative resource or performance metrics. Kept for full-text claim extraction.
2402.13352v3,KetGPT - Dataset Augmentation of Quantum Circuits using Transformers,2024-02-20 20:02:21+00:00,redacted_for_anonymous_review,exclude,out_of_scope_paradigm,HIGH,"The paper falls outside the scoped paradigms for this field-study pass, even if it is quantum-software-adjacent."
2402.00478v2,Lightcone Bounds for Quantum Circuit Mapping via Uncomplexity,2024-02-01 10:32:05+00:00,redacted_for_anonymous_review,exclude,algorithm_complexity_only,MEDIUM,The abstract is primarily theoretical/proof-oriented and does not expose an empirical comparative benchmark strongly enough for inclusion.
2311.15123v3,Atomique: A Quantum Compiler for Reconfigurable Neutral Atom Arrays,2023-11-25 21:57:41+00:00,redacted_for_anonymous_review,include,,MEDIUM,Abstract indicates an in-scope compilation/transpilation or software-stack comparison on quantitative resource or performance metrics. Kept for full-text claim extraction.
2311.12772v2,The T-Complexity Costs of Error Correction for Control Flow in Quantum Computation,2023-11-21 18:32:05+00:00,redacted_for_anonymous_review,exclude,error_correction_only,HIGH,Paper centers error-correction or fault-tolerance concerns rather than the scoped compilation or variational-optimization comparisons.
2311.08742v1,sQueeze: Accelerated Quantum Pulse Schedules,2023-11-15 07:22:34+00:00,redacted_for_anonymous_review,exclude,pulse_level_only,HIGH,"Abstract centers pulse-level or direct-control optimization, which is outside the scoped compilation and variational-optimization paradigms."
2308.02536v1,qgym: A Gym for Training and Benchmarking RL-Based Quantum Compilation,2023-08-01 10:07:20+00:00,redacted_for_anonymous_review,include,,HIGH,Abstract indicates an in-scope compilation/transpilation or software-stack comparison on quantitative resource or performance metrics. Kept for full-text claim extraction.
2304.03829v1,Automated Quantum Oracle Synthesis with a Minimal Number of Qubits,2023-04-07 20:12:13+00:00,redacted_for_anonymous_review,include,,MEDIUM,Abstract indicates an in-scope compilation/transpilation or software-stack comparison on quantitative resource or performance metrics. Kept for full-text claim extraction.
2303.02830v1,ISAAQ: Ising Machine Assisted Quantum Compiler,2023-03-06 01:47:10+00:00,redacted_for_anonymous_review,include,,MEDIUM,Abstract indicates an in-scope compilation/transpilation or software-stack comparison on quantitative resource or performance metrics. Kept for full-text claim extraction.
2211.07685v3,Highly optimized quantum circuits synthesized via data-flow engines,2022-11-14 19:02:21+00:00,redacted_for_anonymous_review,include,,MEDIUM,Abstract indicates an in-scope compilation/transpilation or software-stack comparison on quantitative resource or performance metrics. Kept for full-text claim extraction.
2209.02669v3,Hardware-Conscious Optimization of the Quantum Toffoli Gate,2022-09-06 17:29:22+00:00,redacted_for_anonymous_review,include,,MEDIUM,Abstract indicates an in-scope compilation/transpilation or software-stack comparison on quantitative resource or performance metrics. Kept for full-text claim extraction.
2206.09938v2,Quantum circuit optimization for multiple QPUs using local structure,2022-06-20 18:01:04+00:00,redacted_for_anonymous_review,include,,MEDIUM,Abstract indicates an in-scope compilation/transpilation or software-stack comparison on quantitative resource or performance metrics. Kept for full-text claim extraction.
2206.06684v1,A Pattern Matching-Based Framework for Quantum Circuit Rewriting,2022-06-14 08:40:06+00:00,redacted_for_anonymous_review,include,,MEDIUM,Abstract indicates an in-scope compilation/transpilation or software-stack comparison on quantitative resource or performance metrics. Kept for full-text claim extraction.
2202.14025v1,Arline Benchmarks: Automated Benchmarking Platform for Quantum Compilers,2022-02-28 18:48:01+00:00,redacted_for_anonymous_review,include,,HIGH,Abstract indicates an in-scope compilation/transpilation or software-stack comparison on quantitative resource or performance metrics. Kept for full-text claim extraction.
2201.06457v1,Decoding techniques applied to the compilation of CNOT circuits for NISQ architectures,2022-01-17 15:11:36+00:00,redacted_for_anonymous_review,include,,MEDIUM,Abstract indicates an in-scope compilation/transpilation or software-stack comparison on quantitative resource or performance metrics. Kept for full-text claim extraction.
2109.07072v2,Qurzon: A Prototype for a Divide and Conquer Based Quantum Compiler,2021-09-15 04:53:04+00:00,redacted_for_anonymous_review,exclude,no_quantitative_claim,LOW,"The topic is close to scope, but the title and abstract do not clearly surface a quantitative A-versus-B claim for screening."
2109.00506v1,Enabling Retargetable Optimizing Compilers for Quantum Accelerators via a Multi-Level Intermediate Representation,2021-09-01 17:29:47+00:00,redacted_for_anonymous_review,exclude,no_quantitative_claim,LOW,"The topic is close to scope, but the title and abstract do not clearly surface a quantitative A-versus-B claim for screening."
2108.11874v1,Noise-Adaptive Quantum Compilation Strategies Evaluated with Application-Motivated Benchmarks,2021-08-26 16:06:00+00:00,redacted_for_anonymous_review,include,,HIGH,Abstract indicates an in-scope compilation/transpilation or software-stack comparison on quantitative resource or performance metrics. Kept for full-text claim extraction.
2108.02099v2,2QAN: A quantum compiler for 2-local qubit Hamiltonian simulation algorithms,2021-08-04 15:03:47+00:00,redacted_for_anonymous_review,include,,MEDIUM,Abstract indicates an in-scope compilation/transpilation or software-stack comparison on quantitative resource or performance metrics. Kept for full-text claim extraction.
2011.04936v1,Scheduling of Operations in Quantum Compiler,2020-11-10 06:32:16+00:00,redacted_for_anonymous_review,exclude,no_quantitative_claim,LOW,"The topic is close to scope, but the title and abstract do not clearly surface a quantitative A-versus-B claim for screening."
2006.04010v2,Random circuit block-encoded matrix and a proposal of quantum LINPACK benchmark,2020-06-07 01:08:50+00:00,redacted_for_anonymous_review,exclude,out_of_scope_paradigm,HIGH,"The paper falls outside the scoped paradigms for this field-study pass, even if it is quantum-software-adjacent."
2004.11205v2,Optimized Quantum Compilation for Near-Term Algorithms with OpenPulse,2020-04-23 14:57:00+00:00,redacted_for_anonymous_review,exclude,pulse_level_only,HIGH,"Abstract centers pulse-level or direct-control optimization, which is outside the scoped compilation and variational-optimization paradigms."
2003.08408v2,Enabling Accuracy-Aware Quantum Compilers using Symbolic Resource Estimation,2020-03-18 18:00:24+00:00,redacted_for_anonymous_review,include,,MEDIUM,Abstract indicates an in-scope compilation/transpilation or software-stack comparison on quantitative resource or performance metrics. Kept for full-text claim extraction.
2304.08814v2,A Comparison of Quantum Compilers using a DAG-based or phase polynomial-based Intermediate Representation,2023-04-18 08:25:47+00:00,redacted_for_anonymous_review,include,,HIGH,Abstract indicates an in-scope compilation/transpilation or software-stack comparison on quantitative resource or performance metrics. Kept for full-text claim extraction.
2008.10790v1,Fibonacci anyons versus Majorana fermions,2020-08-25 02:44:17+00:00,redacted_for_anonymous_review,exclude,out_of_scope_paradigm,HIGH,"The paper falls outside the scoped paradigms for this field-study pass, even if it is quantum-software-adjacent."
2411.16341v1,From CISC to RISC: language-model guided assembly transpilation,2024-11-25 12:37:07+00:00,redacted_for_anonymous_review,exclude,out_of_scope_paradigm,HIGH,"The paper falls outside the scoped paradigms for this field-study pass, even if it is quantum-software-adjacent."
2410.24117v5,AlphaTrans: A Neuro-Symbolic Compositional Approach for Repository-Level Code Translation and Validation,2024-10-31 16:46:52+00:00,redacted_for_anonymous_review,exclude,out_of_scope_paradigm,HIGH,"The paper falls outside the scoped paradigms for this field-study pass, even if it is quantum-software-adjacent."
2406.11771v1,Simon's algorithm in the NISQ cloud,2024-06-17 17:31:44+00:00,redacted_for_anonymous_review,exclude,hardware_only,HIGH,The comparison is primarily hardware- or platform-centric rather than a software-level compilation or variational methodology comparison.
2406.06836v3,"Comparative Study of Quantum Transpilers: Evaluating the Performance of qiskit-braket-provider, qBraid-SDK, and Pytket Extensions",2024-06-10 22:54:15+00:00,redacted_for_anonymous_review,include,,HIGH,Abstract indicates an in-scope compilation/transpilation or software-stack comparison on quantitative resource or performance metrics. Kept for full-text claim extraction.
2406.03003v1,Verified Code Transpilation with Language Models,2024-06-05 07:10:30+00:00,redacted_for_anonymous_review,exclude,out_of_scope_paradigm,HIGH,"The paper falls outside the scoped paradigms for this field-study pass, even if it is quantum-software-adjacent."
2405.01378v2,Benchmarking Quantum Annealers with Near-Optimal Minor-Embedded Instances,2024-05-02 15:19:39+00:00,redacted_for_anonymous_review,exclude,hardware_only,HIGH,The comparison is primarily hardware- or platform-centric rather than a software-level compilation or variational methodology comparison.
2404.18852v2,VERT: Verified Equivalent Rust Transpilation with Large Language Models as Few-Shot Learners,2024-04-29 16:45:03+00:00,redacted_for_anonymous_review,exclude,out_of_scope_paradigm,HIGH,"The paper falls outside the scoped paradigms for this field-study pass, even if it is quantum-software-adjacent."
2312.04392v2,Contextual Subspace Variational Quantum Eigensolver Calculation of the Dissociation Curve of Molecular Nitrogen on a Superconducting Quantum Computer,2023-12-07 16:05:52+00:00,redacted_for_anonymous_review,exclude,application_paper,MEDIUM,This reads as an application/use-case paper for a specific domain problem rather than a general comparative methodology claim in scope.
2308.09453v2,Exploiting the Quantum Advantage for Satellite Image Processing: Review and Assessment,2023-08-18 10:34:34+00:00,redacted_for_anonymous_review,exclude,survey_paper,HIGH,Title and abstract indicate a survey/review rather than a primary empirical comparison paper for the audited corpus.
2306.06755v4,CoTran: A Language-Model-Based Code Translator using Reinforcement Learning with Feedback from Compiler and Symbolic Execution,2023-06-11 19:47:52+00:00,redacted_for_anonymous_review,exclude,out_of_scope_paradigm,HIGH,"The paper falls outside the scoped paradigms for this field-study pass, even if it is quantum-software-adjacent."
2306.00874v1,A general-purpose single-photon-based quantum computing platform,2023-06-01 16:35:55+00:00,redacted_for_anonymous_review,exclude,hardware_only,HIGH,The comparison is primarily hardware- or platform-centric rather than a software-level compilation or variational methodology comparison.
2305.07092v1,Benchmarking the Variational Quantum Eigensolver using different quantum hardware,2023-05-11 18:56:07+00:00,redacted_for_anonymous_review,exclude,hardware_only,HIGH,The comparison is primarily hardware- or platform-centric rather than a software-level compilation or variational methodology comparison.
2301.11220v2,User-Customizable Transpilation of Scripting Languages,2023-01-26 16:55:41+00:00,redacted_for_anonymous_review,exclude,out_of_scope_paradigm,HIGH,"The paper falls outside the scoped paradigms for this field-study pass, even if it is quantum-software-adjacent."
2210.14868v3,Multi-lingual Evaluation of Code Generation Models,2022-10-26 17:17:06+00:00,redacted_for_anonymous_review,exclude,out_of_scope_paradigm,HIGH,"The paper falls outside the scoped paradigms for this field-study pass, even if it is quantum-software-adjacent."
2207.00257v1,High-Performance GPU-to-CPU Transpilation and Optimization via High-Level Parallel Constructs,2022-07-01 08:20:50+00:00,redacted_for_anonymous_review,exclude,out_of_scope_paradigm,HIGH,"The paper falls outside the scoped paradigms for this field-study pass, even if it is quantum-software-adjacent."
2110.00592v2,Nuwa: A Quantum Circuit Transpiler Based on a Finite-Horizon Heuristic for Placement and Routing,2021-10-01 18:01:17+00:00,redacted_for_anonymous_review,include,,HIGH,Abstract indicates an in-scope compilation/transpilation or software-stack comparison on quantitative resource or performance metrics. Kept for full-text claim extraction.
2105.12326v2,Model Checking Finite-Horizon Markov Chains with Probabilistic Inference,2021-05-26 04:54:31+00:00,redacted_for_anonymous_review,exclude,out_of_scope_paradigm,HIGH,"The paper falls outside the scoped paradigms for this field-study pass, even if it is quantum-software-adjacent."
2011.12191v4,Reducing the CNOT count for Clifford+T circuits on NISQ architectures,2020-11-24 16:35:05+00:00,redacted_for_anonymous_review,include,,MEDIUM,Abstract indicates an in-scope compilation/transpilation or software-stack comparison on quantitative resource or performance metrics. Kept for full-text claim extraction.
2007.08532v2,Experimental implementation of non-Clifford interleaved randomized benchmarking with a controlled-S gate,2020-07-16 18:00:02+00:00,redacted_for_anonymous_review,exclude,hardware_only,HIGH,The comparison is primarily hardware- or platform-centric rather than a software-level compilation or variational methodology comparison.
2409.18963v3,Transpiling quantum assembly language circuits to a qudit form,2024-09-27 17:59:56+00:00,redacted_for_anonymous_review,include,,MEDIUM,"Abstract indicates an in-scope variational-optimization comparison or benchmark on algorithms, encodings, ansatzes, optimizers, or performance metrics. Kept for full-text claim extraction."
2309.15994v1,Multi-mode Cavity Centric Architectures for Quantum Simulation,2023-09-27 20:16:44+00:00,redacted_for_anonymous_review,exclude,hardware_only,HIGH,The comparison is primarily hardware- or platform-centric rather than a software-level compilation or variational methodology comparison.
2111.04384v3,Efficient realization of quantum algorithms with qudits,2021-11-08 11:09:37+00:00,redacted_for_anonymous_review,exclude,out_of_scope_paradigm,HIGH,"The paper falls outside the scoped paradigms for this field-study pass, even if it is quantum-software-adjacent."
2108.00857v1,"Recent advances in ADL, CutLang and adl2tnm",2021-07-28 09:19:22+00:00,redacted_for_anonymous_review,exclude,out_of_scope_paradigm,HIGH,"The paper falls outside the scoped paradigms for this field-study pass, even if it is quantum-software-adjacent."
2005.12474v1,Experimental evaluation of quantum Bayesian networks on IBM QX hardware,2020-05-26 01:25:39+00:00,redacted_for_anonymous_review,exclude,out_of_scope_paradigm,HIGH,"The paper falls outside the scoped paradigms for this field-study pass, even if it is quantum-software-adjacent."
2411.19388v1,Limitations of Quantum Approximate Optimization in Solving Generic Higher-Order Constraint-Satisfaction Problems,2024-11-28 21:39:58+00:00,redacted_for_anonymous_review,include,,HIGH,"Abstract indicates an in-scope variational-optimization comparison or benchmark on algorithms, encodings, ansatzes, optimizers, or performance metrics. Kept for full-text claim extraction."
2411.12608v4,Exploring the Potential of Quantum Approximate Optimization Algorithm in Tackling the Perfect Domination Problem,2024-11-19 16:12:36+00:00,redacted_for_anonymous_review,exclude,application_paper,MEDIUM,This reads as an application/use-case paper for a specific domain problem rather than a general comparative methodology claim in scope.
2411.04979v2,Quantum speedups in solving near-symmetric optimization problems by low-depth QAOA,2024-11-07 18:51:44+00:00,redacted_for_anonymous_review,exclude,algorithm_complexity_only,MEDIUM,The abstract is primarily theoretical/proof-oriented and does not expose an empirical comparative benchmark strongly enough for inclusion.
2411.00518v2,Quantum tree generator improves QAOA state-of-the-art for the knapsack problem,2024-11-01 11:37:07+00:00,redacted_for_anonymous_review,include,,MEDIUM,"Abstract indicates an in-scope variational-optimization comparison or benchmark on algorithms, encodings, ansatzes, optimizers, or performance metrics. Kept for full-text claim extraction."
2410.22247v2,Automorphism-Assisted Quantum Approximate Optimization Algorithm for efficient graph optimization,2024-10-29 17:10:25+00:00,redacted_for_anonymous_review,include,,LOW,"Abstract suggests an in-scope variational/QAOA/VQE comparison, but the exact benchmarked claim remains somewhat implicit. Kept for full-text confirmation."
2410.15626v1,Hybrid Quantum-HPC Solutions for Max-Cut: Bridging Classical and Quantum Algorithms,2024-10-21 04:10:54+00:00,redacted_for_anonymous_review,include,,HIGH,"Abstract indicates an in-scope variational-optimization comparison or benchmark on algorithms, encodings, ansatzes, optimizers, or performance metrics. Kept for full-text claim extraction."
2410.07674v1,Inequality constraints in variational quantum circuits with qudits,2024-10-10 07:32:38+00:00,redacted_for_anonymous_review,include,,LOW,"Abstract suggests an in-scope variational/QAOA/VQE comparison, but the exact benchmarked claim remains somewhat implicit. Kept for full-text confirmation."
2409.19820v1,Qompose: A Technique to Select Optimal Algorithm- Specific Layout for Neutral Atom Quantum Architectures,2024-09-29 23:03:08+00:00,redacted_for_anonymous_review,include,,MEDIUM,Abstract indicates an in-scope compilation/transpilation or software-stack comparison on quantitative resource or performance metrics. Kept for full-text claim extraction.
2409.15055v2,Efficient Large-Scale Quantum Optimization via Counterdiabatic Ansatz,2024-09-23 14:31:56+00:00,redacted_for_anonymous_review,include,,MEDIUM,Abstract indicates an in-scope compilation/transpilation or software-stack comparison on quantitative resource or performance metrics. Kept for full-text claim extraction.
2409.14786v3,Performance of Parity QAOA for the Signed Max-Cut Problem,2024-09-23 08:00:03+00:00,redacted_for_anonymous_review,include,,HIGH,"Abstract indicates an in-scope variational-optimization comparison or benchmark on algorithms, encodings, ansatzes, optimizers, or performance metrics. Kept for full-text claim extraction."
2409.10739v3,Evolving a multi-population evolutionary-QAOA on distributed QPUs,2024-09-16 21:16:51+00:00,redacted_for_anonymous_review,include,,HIGH,"Abstract indicates an in-scope variational-optimization comparison or benchmark on algorithms, encodings, ansatzes, optimizers, or performance metrics. Kept for full-text claim extraction."
2409.02063v1,Comparison of Superconducting NISQ Architectures,2024-09-03 17:12:08+00:00,redacted_for_anonymous_review,exclude,hardware_only,HIGH,The comparison is primarily hardware- or platform-centric rather than a software-level compilation or variational methodology comparison.
2408.13316v2,QuCLEAR: Clifford Extraction and Absorption for Quantum Circuit Optimization,2024-08-23 18:03:57+00:00,redacted_for_anonymous_review,include,,LOW,"Abstract suggests an in-scope compilation/transpilation claim, but the exact quantitative comparator is not fully explicit at title/abstract level. Kept for full-text confirmation."
2408.09538v1,Parameter Setting Heuristics Make the Quantum Approximate Optimization Algorithm Suitable for the Early Fault-Tolerant Era,2024-08-18 16:48:14+00:00,redacted_for_anonymous_review,include,,MEDIUM,"Abstract indicates an in-scope variational-optimization comparison or benchmark on algorithms, encodings, ansatzes, optimizers, or performance metrics. Kept for full-text claim extraction."
2408.08365v1,Coqa: Blazing Fast Compiler Optimizations for QAOA,2024-08-15 18:12:04+00:00,redacted_for_anonymous_review,include,,HIGH,Abstract indicates an in-scope compilation/transpilation or software-stack comparison on quantitative resource or performance metrics. Kept for full-text claim extraction.
2407.19857v1,PO-QA: A Framework for Portfolio Optimization using Quantum Algorithms,2024-07-29 10:26:28+00:00,redacted_for_anonymous_review,exclude,application_paper,MEDIUM,This reads as an application/use-case paper for a specific domain problem rather than a general comparative methodology claim in scope.
2407.17325v2,Noise-Aware Distributed Quantum Approximate Optimization Algorithm on Near-term Quantum Hardware,2024-07-24 14:50:01+00:00,redacted_for_anonymous_review,include,,MEDIUM,"Abstract indicates an in-scope variational-optimization comparison or benchmark on algorithms, encodings, ansatzes, optimizers, or performance metrics. Kept for full-text claim extraction."
2407.13012v2,CUAOA: A Novel CUDA-Accelerated Simulation Framework for the QAOA,2024-07-17 21:06:18+00:00,redacted_for_anonymous_review,exclude,out_of_scope_paradigm,HIGH,"The paper falls outside the scoped paradigms for this field-study pass, even if it is quantum-software-adjacent."
2407.01975v2,Imposing Constraints on Driver Hamiltonians and Mixing Operators: From Theory to Practical Implementation,2024-07-02 06:23:02+00:00,redacted_for_anonymous_review,include,,LOW,"Abstract suggests an in-scope variational/QAOA/VQE comparison, but the exact benchmarked claim remains somewhat implicit. Kept for full-text confirmation."
2406.05015v3,Quantum Alternating Operator Ansatz for the Preparation and Detection of Long-Lived Singlet States in NMR,2024-06-07 15:29:40+00:00,redacted_for_anonymous_review,exclude,out_of_scope_paradigm,HIGH,"The paper falls outside the scoped paradigms for this field-study pass, even if it is quantum-software-adjacent."
2405.20173v2,Eclipse Qrisp QAOA: description and preliminary comparison with Qiskit counterparts,2024-05-30 15:44:28+00:00,redacted_for_anonymous_review,include,,HIGH,"Abstract indicates an in-scope variational-optimization comparison or benchmark on algorithms, encodings, ansatzes, optimizers, or performance metrics. Kept for full-text claim extraction."
2405.15707v2,Digitized Counterdiabatic Quantum Algorithms for Logistics Scheduling,2024-05-24 16:53:30+00:00,redacted_for_anonymous_review,exclude,application_paper,MEDIUM,This reads as an application/use-case paper for a specific domain problem rather than a general comparative methodology claim in scope.
2405.14405v1,Qubit-efficient Variational Quantum Algorithms for Image Segmentation,2024-05-23 10:21:57+00:00,redacted_for_anonymous_review,exclude,application_paper,MEDIUM,This reads as an application/use-case paper for a specific domain problem rather than a general comparative methodology claim in scope.
2405.11917v2,Demonstrating Quantum Scaling Advantage in Approximate Optimization for Energy Coalition Formation with 100+ Agents,2024-05-20 09:55:20+00:00,redacted_for_anonymous_review,include,,MEDIUM,"Abstract indicates an in-scope variational-optimization comparison or benchmark on algorithms, encodings, ansatzes, optimizers, or performance metrics. Kept for full-text claim extraction."
2405.07624v1,Towards Robust Benchmarking of Quantum Optimization Algorithms,2024-05-13 10:35:23+00:00,redacted_for_anonymous_review,include,,HIGH,"Abstract indicates an in-scope variational-optimization comparison or benchmark on algorithms, encodings, ansatzes, optimizers, or performance metrics. Kept for full-text claim extraction."
2404.17242v2,Quantum and classical correlations in shrinking algorithms for optimization,2024-04-26 08:29:04+00:00,redacted_for_anonymous_review,include,,MEDIUM,"Abstract indicates an in-scope variational-optimization comparison or benchmark on algorithms, encodings, ansatzes, optimizers, or performance metrics. Kept for full-text claim extraction."
2404.14101v1,Efficient molecular conformation generation with quantum-inspired algorithm,2024-04-22 11:40:08+00:00,redacted_for_anonymous_review,exclude,application_paper,MEDIUM,This reads as an application/use-case paper for a specific domain problem rather than a general comparative methodology claim in scope.
2404.13971v1,HamilToniQ: An Open-Source Benchmark Toolkit for Quantum Computers,2024-04-22 08:27:14+00:00,redacted_for_anonymous_review,exclude,hardware_only,HIGH,The comparison is primarily hardware- or platform-centric rather than a software-level compilation or variational methodology comparison.
2404.11440v1,Solving Power Grid Optimization Problems with Rydberg Atoms,2024-04-17 14:49:21+00:00,redacted_for_anonymous_review,exclude,application_paper,MEDIUM,This reads as an application/use-case paper for a specific domain problem rather than a general comparative methodology claim in scope.
2404.07171v1,Unlocking Quantum Optimization: A Use Case Study on NISQ Systems,2024-04-10 17:08:07+00:00,redacted_for_anonymous_review,exclude,application_paper,MEDIUM,This reads as an application/use-case paper for a specific domain problem rather than a general comparative methodology claim in scope.
2403.18395v2,Effective Embedding of Integer Linear Inequalities for Variational Quantum Algorithms,2024-03-27 09:32:26+00:00,redacted_for_anonymous_review,include,,LOW,"Abstract suggests an in-scope variational/QAOA/VQE comparison, but the exact benchmarked claim remains somewhat implicit. Kept for full-text confirmation."
2403.02512v1,Hybrid quantum programming with PennyLane Lightning on HPC platforms,2024-03-04 22:01:03+00:00,redacted_for_anonymous_review,exclude,out_of_scope_paradigm,HIGH,"The paper falls outside the scoped paradigms for this field-study pass, even if it is quantum-software-adjacent."
2403.02045v3,Recursive Quantum Relaxation for Combinatorial Optimization Problems,2024-03-04 13:48:21+00:00,redacted_for_anonymous_review,include,,LOW,"Abstract suggests an in-scope variational/QAOA/VQE comparison, but the exact benchmarked claim remains somewhat implicit. Kept for full-text confirmation."
2402.02585v1,"Grover-QAOA for 3-SAT: Quadratic Speedup, Fair-Sampling, and Parameter Clustering",2024-02-04 19:01:27+00:00,redacted_for_anonymous_review,include,,MEDIUM,"Abstract indicates an in-scope variational-optimization comparison or benchmark on algorithms, encodings, ansatzes, optimizers, or performance metrics. Kept for full-text claim extraction."
2401.09849v1,Benchmarking hybrid digitized-counterdiabatic quantum optimization,2024-01-18 10:05:07+00:00,redacted_for_anonymous_review,include,,HIGH,"Abstract indicates an in-scope variational-optimization comparison or benchmark on algorithms, encodings, ansatzes, optimizers, or performance metrics. Kept for full-text claim extraction."
2401.02852v1,Quantum Approximate Optimisation for Not-All-Equal SAT,2024-01-05 15:11:24+00:00,redacted_for_anonymous_review,include,,LOW,"Abstract suggests an in-scope variational/QAOA/VQE comparison, but the exact benchmarked claim remains somewhat implicit. Kept for full-text confirmation."
2311.12732v2,Tight Lieb-Robinson Bound for approximation ratio in Quantum Annealing,2023-11-21 17:15:21+00:00,redacted_for_anonymous_review,exclude,algorithm_complexity_only,MEDIUM,The abstract is primarily theoretical/proof-oriented and does not expose an empirical comparative benchmark strongly enough for inclusion.
2311.02151v2,Vanishing performance of the parity-encoded quantum approximate optimization algorithm applied to spin-glass models,2023-11-03 18:00:00+00:00,redacted_for_anonymous_review,include,,HIGH,"Abstract indicates an in-scope variational-optimization comparison or benchmark on algorithms, encodings, ansatzes, optimizers, or performance metrics. Kept for full-text claim extraction."
2309.16796v3,Benchmarking Metaheuristic-Integrated QAOA against Quantum Annealing,2023-09-28 18:55:22+00:00,redacted_for_anonymous_review,include,,HIGH,"Abstract indicates an in-scope variational-optimization comparison or benchmark on algorithms, encodings, ansatzes, optimizers, or performance metrics. Kept for full-text claim extraction."
2309.00047v1,Dynamic-ADAPT-QAOA: An algorithm with shallow and noise-resilient circuits,2023-08-31 18:00:02+00:00,redacted_for_anonymous_review,include,,MEDIUM,Abstract indicates an in-scope compilation/transpilation or software-stack comparison on quantitative resource or performance metrics. Kept for full-text claim extraction.
2308.10383v2,A Variational Qubit-Efficient MaxCut Heuristic Algorithm,2023-08-20 23:06:18+00:00,redacted_for_anonymous_review,include,,LOW,"Abstract suggests an in-scope variational/QAOA/VQE comparison, but the exact benchmarked claim remains somewhat implicit. Kept for full-text confirmation."
2308.01789v1,Benchmarking Adaptative Variational Quantum Algorithms on QUBO Instances,2023-08-03 14:39:02+00:00,redacted_for_anonymous_review,include,,HIGH,"Abstract indicates an in-scope variational-optimization comparison or benchmark on algorithms, encodings, ansatzes, optimizers, or performance metrics. Kept for full-text claim extraction."
2307.07193v3,Exponential Qubit Reduction in Optimization for Financial Transaction Settlement,2023-07-14 06:58:43+00:00,redacted_for_anonymous_review,include,,LOW,"Abstract suggests an in-scope variational/QAOA/VQE comparison, but the exact benchmarked claim remains somewhat implicit. Kept for full-text confirmation."
2306.04797v2,Simulating quantum circuit expectation values by Clifford perturbation theory,2023-06-07 21:42:10+00:00,redacted_for_anonymous_review,exclude,out_of_scope_paradigm,HIGH,"The paper falls outside the scoped paradigms for this field-study pass, even if it is quantum-software-adjacent."
2305.03828v2,A Race Track Trapped-Ion Quantum Processor,2023-05-05 20:07:37+00:00,redacted_for_anonymous_review,exclude,hardware_only,HIGH,The comparison is primarily hardware- or platform-centric rather than a software-level compilation or variational methodology comparison.
2305.03390v1,Evidence that PUBO outperforms QUBO when solving continuous optimization problems with the QAOA,2023-05-05 09:37:48+00:00,redacted_for_anonymous_review,include,,HIGH,"Abstract indicates an in-scope variational-optimization comparison or benchmark on algorithms, encodings, ansatzes, optimizers, or performance metrics. Kept for full-text claim extraction."
2304.07218v1,QuACS: Variational Quantum Algorithm for Coalition Structure Generation in Induced Subgraph Games,2023-04-14 16:01:27+00:00,redacted_for_anonymous_review,exclude,application_paper,MEDIUM,This reads as an application/use-case paper for a specific domain problem rather than a general comparative methodology claim in scope.
2303.01450v1,Q-Profile: Profiling Tool for Quantum Control Stacks applied to the Quantum Approximate Optimization Algorithm,2023-03-02 18:08:01+00:00,redacted_for_anonymous_review,exclude,out_of_scope_paradigm,HIGH,"The paper falls outside the scoped paradigms for this field-study pass, even if it is quantum-software-adjacent."
2303.00329v2,Mean-Field Approximate Optimization Algorithm,2023-03-01 08:47:06+00:00,redacted_for_anonymous_review,include,,LOW,"Abstract suggests an in-scope variational/QAOA/VQE comparison, but the exact benchmarked claim remains somewhat implicit. Kept for full-text confirmation."
2302.04479v2,An Expressive Ansatz for Low-Depth Quantum Approximate Optimisation,2023-02-09 07:47:06+00:00,redacted_for_anonymous_review,include,,LOW,"Abstract suggests an in-scope variational/QAOA/VQE comparison, but the exact benchmarked claim remains somewhat implicit. Kept for full-text confirmation."
2302.02278v2,Optimization Applications as Quantum Performance Benchmarks,2023-02-05 01:56:06+00:00,redacted_for_anonymous_review,include,,HIGH,"Abstract indicates an in-scope variational-optimization comparison or benchmark on algorithms, encodings, ansatzes, optimizers, or performance metrics. Kept for full-text claim extraction."
2301.07445v4,Information scrambling and entanglement in quantum approximate optimization algorithm circuits,2023-01-18 11:36:49+00:00,redacted_for_anonymous_review,exclude,no_quantitative_claim,LOW,"The topic is close to scope, but the title and abstract do not clearly surface a quantitative A-versus-B claim for screening."
2210.08039v1,Qubit-reuse compilation with mid-circuit measurement and reset,2022-10-14 18:11:43+00:00,redacted_for_anonymous_review,include,,LOW,"Abstract suggests an in-scope compilation/transpilation claim, but the exact quantitative comparator is not fully explicit at title/abstract level. Kept for full-text confirmation."
2209.06864v2,Experimental benchmarking of an automated deterministic error suppression workflow for quantum algorithms,2022-09-14 18:23:17+00:00,redacted_for_anonymous_review,exclude,out_of_scope_paradigm,HIGH,"The paper falls outside the scoped paradigms for this field-study pass, even if it is quantum-software-adjacent."
2208.13380v2,Let Each Quantum Bit Choose Its Basis Gates,2022-08-29 05:55:55+00:00,redacted_for_anonymous_review,include,,LOW,"Abstract suggests an in-scope compilation/transpilation claim, but the exact quantitative comparator is not fully explicit at title/abstract level. Kept for full-text confirmation."
2208.09888v1,Iterative-Free Quantum Approximate Optimization Algorithm Using Neural Networks,2022-08-21 14:05:11+00:00,redacted_for_anonymous_review,include,,LOW,"Abstract suggests an in-scope variational/QAOA/VQE comparison, but the exact benchmarked claim remains somewhat implicit. Kept for full-text confirmation."
2207.14482v1,Domain-Specific Quantum Architecture Optimization,2022-07-29 05:16:02+00:00,redacted_for_anonymous_review,exclude,out_of_scope_paradigm,HIGH,"The paper falls outside the scoped paradigms for this field-study pass, even if it is quantum-software-adjacent."
2207.10555v1,Benchmarking the performance of portfolio optimization with QAOA,2022-07-21 15:53:46+00:00,redacted_for_anonymous_review,include,,HIGH,"Abstract indicates an in-scope variational-optimization comparison or benchmark on algorithms, encodings, ansatzes, optimizers, or performance metrics. Kept for full-text claim extraction."
2207.05612v2,A density-matrix renormalization group algorithm for simulating quantum circuits with a finite fidelity,2022-07-12 15:28:55+00:00,redacted_for_anonymous_review,exclude,out_of_scope_paradigm,HIGH,"The paper falls outside the scoped paradigms for this field-study pass, even if it is quantum-software-adjacent."
2205.10383v3,Squeezing and quantum approximate optimization,2022-05-20 18:00:06+00:00,redacted_for_anonymous_review,exclude,no_quantitative_claim,LOW,"The topic is close to scope, but the title and abstract do not clearly surface a quantitative A-versus-B claim for screening."
2205.06845v6,The QAOA with Few Measurements,2022-05-13 18:42:20+00:00,redacted_for_anonymous_review,include,,LOW,"Abstract suggests an in-scope variational/QAOA/VQE comparison, but the exact benchmarked claim remains somewhat implicit. Kept for full-text confirmation."
2205.01192v1,Augmenting QAOA Ansatz with Multiparameter Problem-Independent Layer,2022-05-02 20:14:08+00:00,redacted_for_anonymous_review,include,,LOW,"Abstract suggests an in-scope variational/QAOA/VQE comparison, but the exact benchmarked claim remains somewhat implicit. Kept for full-text confirmation."
2204.13802v1,BILP-Q: Quantum Coalition Structure Generation,2022-04-28 22:19:50+00:00,redacted_for_anonymous_review,exclude,application_paper,MEDIUM,This reads as an application/use-case paper for a specific domain problem rather than a general comparative methodology claim in scope.
2204.06045v1,Performance Evaluation and Acceleration of the QTensor Quantum Circuit Simulator on GPUs,2022-04-12 19:03:44+00:00,redacted_for_anonymous_review,exclude,out_of_scope_paradigm,HIGH,"The paper falls outside the scoped paradigms for this field-study pass, even if it is quantum-software-adjacent."
2204.01821v1,Peptide conformational sampling using the Quantum Approximate Optimization Algorithm,2022-04-04 20:09:50+00:00,redacted_for_anonymous_review,exclude,application_paper,MEDIUM,This reads as an application/use-case paper for a specific domain problem rather than a general comparative methodology claim in scope.
2202.06782v1,Wasserstein Solution Quality and the Quantum Approximate Optimization Algorithm: A Portfolio Optimization Case Study,2022-02-14 15:00:28+00:00,redacted_for_anonymous_review,include,,LOW,"Abstract suggests an in-scope variational/QAOA/VQE comparison, but the exact benchmarked claim remains somewhat implicit. Kept for full-text confirmation."
2112.11151v1,Efficient Classical Computation of Quantum Mean Values for Shallow QAOA Circuits,2021-12-21 12:41:31+00:00,redacted_for_anonymous_review,exclude,out_of_scope_paradigm,HIGH,"The paper falls outside the scoped paradigms for this field-study pass, even if it is quantum-software-adjacent."
2112.04414v1,Dual Map Framework for Noise Characterization of Quantum Computers,2021-12-08 17:00:51+00:00,redacted_for_anonymous_review,exclude,hardware_only,HIGH,The comparison is primarily hardware- or platform-centric rather than a software-level compilation or variational methodology comparison.
2112.03199v4,Evaluating performance of hybrid quantum optimization algorithms for MAXCUT Clustering using IBM runtime environment,2021-12-06 17:56:35+00:00,redacted_for_anonymous_review,include,,HIGH,"Abstract indicates an in-scope variational-optimization comparison or benchmark on algorithms, encodings, ansatzes, optimizers, or performance metrics. Kept for full-text claim extraction."
2111.03016v3,Graph neural network initialisation of quantum approximate optimisation,2021-11-04 17:19:08+00:00,redacted_for_anonymous_review,include,,LOW,"Abstract suggests an in-scope variational/QAOA/VQE comparison, but the exact benchmarked claim remains somewhat implicit. Kept for full-text confirmation."
2110.10788v3,Noisy intermediate-scale quantum computing algorithm for solving an $n$-vertex MaxCut problem with log($n$) qubits,2021-10-20 21:33:41+00:00,redacted_for_anonymous_review,include,,LOW,"Abstract suggests an in-scope variational/QAOA/VQE comparison, but the exact benchmarked claim remains somewhat implicit. Kept for full-text confirmation."
2108.03281v1,Globally optimizing QAOA circuit depth for constrained optimization problems,2021-08-06 19:25:45+00:00,redacted_for_anonymous_review,include,,LOW,"Abstract suggests an in-scope variational/QAOA/VQE comparison, but the exact benchmarked claim remains somewhat implicit. Kept for full-text confirmation."
2107.13470v2,Unifying and benchmarking state-of-the-art quantum error mitigation techniques,2021-07-28 16:29:08+00:00,redacted_for_anonymous_review,exclude,out_of_scope_paradigm,HIGH,"The paper falls outside the scoped paradigms for this field-study pass, even if it is quantum-software-adjacent."
2106.15740v1,Importance of Diagonal Gates in Tensor Network Simulations,2021-06-29 21:55:11+00:00,redacted_for_anonymous_review,exclude,out_of_scope_paradigm,HIGH,"The paper falls outside the scoped paradigms for this field-study pass, even if it is quantum-software-adjacent."
2105.06240v2,Parity Quantum Optimization: Benchmarks,2021-05-13 12:43:16+00:00,redacted_for_anonymous_review,include,,HIGH,"Abstract indicates an in-scope variational-optimization comparison or benchmark on algorithms, encodings, ansatzes, optimizers, or performance metrics. Kept for full-text claim extraction."
2105.01639v1,Practical Verification of Quantum Properties in Quantum Approximate Optimization Runs,2021-05-04 17:33:15+00:00,redacted_for_anonymous_review,exclude,out_of_scope_paradigm,HIGH,"The paper falls outside the scoped paradigms for this field-study pass, even if it is quantum-software-adjacent."
2104.14778v1,Continuous black-box optimization with quantum annealing and random subspace coding,2021-04-30 06:19:07+00:00,redacted_for_anonymous_review,exclude,out_of_scope_paradigm,HIGH,"The paper falls outside the scoped paradigms for this field-study pass, even if it is quantum-software-adjacent."
2104.03293v4,GPU-accelerated simulations of quantum annealing and the quantum approximate optimization algorithm,2021-04-07 17:52:50+00:00,redacted_for_anonymous_review,exclude,out_of_scope_paradigm,HIGH,"The paper falls outside the scoped paradigms for this field-study pass, even if it is quantum-software-adjacent."
2103.17193v3,QPack: Quantum Approximate Optimization Algorithms as universal benchmark for quantum computers,2021-03-31 16:20:51+00:00,redacted_for_anonymous_review,exclude,hardware_only,HIGH,The comparison is primarily hardware- or platform-centric rather than a software-level compilation or variational methodology comparison.
2102.06813v1,Empirical performance bounds for quantum approximate optimization,2021-02-12 23:12:09+00:00,redacted_for_anonymous_review,include,,HIGH,"Abstract indicates an in-scope variational-optimization comparison or benchmark on algorithms, encodings, ansatzes, optimizers, or performance metrics. Kept for full-text claim extraction."
2102.05997v1,Impact of Graph Structures for QAOA on MaxCut,2021-02-11 13:32:00+00:00,redacted_for_anonymous_review,include,,LOW,"Abstract suggests an in-scope variational/QAOA/VQE comparison, but the exact benchmarked claim remains somewhat implicit. Kept for full-text confirmation."
2101.12223v3,Fast estimation of outcome probabilities for quantum circuits,2021-01-28 19:00:04+00:00,redacted_for_anonymous_review,exclude,out_of_scope_paradigm,HIGH,"The paper falls outside the scoped paradigms for this field-study pass, even if it is quantum-software-adjacent."
2101.10296v3,Exploiting Symmetry Reduces the Cost of Training QAOA,2021-01-25 18:25:44+00:00,redacted_for_anonymous_review,include,,MEDIUM,"Abstract indicates an in-scope variational-optimization comparison or benchmark on algorithms, encodings, ansatzes, optimizers, or performance metrics. Kept for full-text claim extraction."
2101.05742v3,Quantum annealing initialization of the quantum approximate optimization algorithm,2021-01-14 17:45:13+00:00,redacted_for_anonymous_review,include,,LOW,"Abstract suggests an in-scope variational/QAOA/VQE comparison, but the exact benchmarked claim remains somewhat implicit. Kept for full-text confirmation."
2012.03421v3,Expectation Values from the Single-Layer Quantum Approximate Optimization Algorithm on Ising Problems,2020-12-07 02:23:37+00:00,redacted_for_anonymous_review,exclude,no_quantitative_claim,LOW,"The topic is close to scope, but the title and abstract do not clearly surface a quantitative A-versus-B claim for screening."
2011.06873v1,Quantum algorithms with local particle number conservation: noise effects and error correction,2020-11-13 11:57:32+00:00,redacted_for_anonymous_review,exclude,error_correction_only,HIGH,Paper centers error-correction or fault-tolerance concerns rather than the scoped compilation or variational-optimization comparisons.
2009.01760v3,Classical variational simulation of the Quantum Approximate Optimization Algorithm,2020-09-03 15:55:27+00:00,redacted_for_anonymous_review,exclude,out_of_scope_paradigm,HIGH,"The paper falls outside the scoped paradigms for this field-study pass, even if it is quantum-software-adjacent."
2008.06054v1,Approximate optimization of MAXCUT with a local spin algorithm,2020-08-13 18:00:00+00:00,redacted_for_anonymous_review,exclude,out_of_scope_paradigm,HIGH,"The paper falls outside the scoped paradigms for this field-study pass, even if it is quantum-software-adjacent."
2007.15671v1,Optimal Layout Synthesis for Quantum Computing,2020-07-30 18:05:56+00:00,redacted_for_anonymous_review,include,,MEDIUM,Abstract indicates an in-scope compilation/transpilation or software-stack comparison on quantitative resource or performance metrics. Kept for full-text claim extraction.
2004.04197v3,Quantum Approximate Optimization of Non-Planar Graph Problems on a Planar Superconducting Processor,2020-04-08 18:44:34+00:00,redacted_for_anonymous_review,exclude,hardware_only,HIGH,The comparison is primarily hardware- or platform-centric rather than a software-level compilation or variational methodology comparison.
2412.15572v2,Classical Combinatorial Optimization Scaling for Random Ising Models on 2D Heavy-Hex Graphs,2024-12-20 05:09:30+00:00,redacted_for_anonymous_review,exclude,out_of_scope_paradigm,HIGH,"The paper falls outside the scoped paradigms for this field-study pass, even if it is quantum-software-adjacent."
2411.10062v1,Quadratic versus Polynomial Unconstrained Binary Models for Quantum Optimization illustrated on Railway Timetabling,2024-11-15 09:23:52+00:00,redacted_for_anonymous_review,include,,HIGH,"Abstract indicates an in-scope variational-optimization comparison or benchmark on algorithms, encodings, ansatzes, optimizers, or performance metrics. Kept for full-text claim extraction."
2411.05294v2,Biased Degenerate Ground-State Sampling of Small Ising Models with Converged QAOA,2024-11-08 02:54:28+00:00,redacted_for_anonymous_review,exclude,no_quantitative_claim,LOW,"The topic is close to scope, but the title and abstract do not clearly surface a quantitative A-versus-B claim for screening."
2411.00243v1,Efficient State Preparation for the Schwinger Model with a Theta Term,2024-10-31 22:49:09+00:00,redacted_for_anonymous_review,exclude,out_of_scope_paradigm,HIGH,"The paper falls outside the scoped paradigms for this field-study pass, even if it is quantum-software-adjacent."
2410.04030v1,A comparison on constrain encoding methods for quantum approximate optimization algorithm,2024-10-05 04:30:33+00:00,redacted_for_anonymous_review,include,,HIGH,"Abstract indicates an in-scope variational-optimization comparison or benchmark on algorithms, encodings, ansatzes, optimizers, or performance metrics. Kept for full-text claim extraction."
2407.08767v1,A Quantum Computing Approach for Multi-robot Coverage Path Planning,2024-07-11 10:11:23+00:00,redacted_for_anonymous_review,exclude,application_paper,MEDIUM,This reads as an application/use-case paper for a specific domain problem rather than a general comparative methodology claim in scope.
2407.06663v2,Advantages of multistage quantum walks over QAOA,2024-07-09 08:39:32+00:00,redacted_for_anonymous_review,include,,HIGH,"Abstract indicates an in-scope variational-optimization comparison or benchmark on algorithms, encodings, ansatzes, optimizers, or performance metrics. Kept for full-text claim extraction."
2405.09169v3,Towards a Linear-Ramp QAOA protocol: Evidence of a scaling advantage in solving some combinatorial optimization problems,2024-05-15 08:07:52+00:00,redacted_for_anonymous_review,include,,HIGH,Abstract indicates an in-scope compilation/transpilation or software-stack comparison on quantitative resource or performance metrics. Kept for full-text claim extraction.
2405.08941v3,Parameter optimization comparison in QAOA using Stochastic Hill Climbing with Random Re-starts and Local Search with entangled and non-entangled mixing operators,2024-05-14 20:12:17+00:00,redacted_for_anonymous_review,include,,HIGH,"Abstract indicates an in-scope variational-optimization comparison or benchmark on algorithms, encodings, ansatzes, optimizers, or performance metrics. Kept for full-text claim extraction."
2404.18142v1,Revisiting Majumdar-Ghosh spin chain model and Max-cut problem using variational quantum algorithms,2024-04-28 11:16:20+00:00,redacted_for_anonymous_review,exclude,application_paper,MEDIUM,This reads as an application/use-case paper for a specific domain problem rather than a general comparative methodology claim in scope.
2312.06922v4,Variational quantum algorithm-preserving feasible space for solving the uncapacitated facility location problem,2023-12-12 01:36:49+00:00,redacted_for_anonymous_review,include,,LOW,"Abstract suggests an in-scope variational/QAOA/VQE comparison, but the exact benchmarked claim remains somewhat implicit. Kept for full-text confirmation."
2311.16190v3,Q-Pilot: Field Programmable Qubit Array Compilation with Flying Ancillas,2023-11-26 03:11:44+00:00,redacted_for_anonymous_review,include,,HIGH,Abstract indicates an in-scope compilation/transpilation or software-stack comparison on quantitative resource or performance metrics. Kept for full-text claim extraction.
2310.10360v2,Probabilistic tensor optimization of quantum circuits for the max-$k$-cut problem,2023-10-16 12:56:22+00:00,redacted_for_anonymous_review,include,,LOW,"Abstract suggests an in-scope variational/QAOA/VQE comparison, but the exact benchmarked claim remains somewhat implicit. Kept for full-text confirmation."
2306.16701v1,TrojanNet: Detecting Trojans in Quantum Circuits using Machine Learning,2023-06-29 05:56:05+00:00,redacted_for_anonymous_review,exclude,out_of_scope_paradigm,HIGH,"The paper falls outside the scoped paradigms for this field-study pass, even if it is quantum-software-adjacent."
2306.14528v2,"Phase-Binarized Spintronic Oscillators for Combinatorial Optimization, and Comparison with Alternative Classical and Quantum Methods",2023-06-26 09:04:03+00:00,redacted_for_anonymous_review,exclude,out_of_scope_paradigm,HIGH,"The paper falls outside the scoped paradigms for this field-study pass, even if it is quantum-software-adjacent."
2306.08087v1,Reduced-order Modeling on a Near-term Quantum Computer,2023-06-13 19:09:29+00:00,redacted_for_anonymous_review,exclude,out_of_scope_paradigm,HIGH,"The paper falls outside the scoped paradigms for this field-study pass, even if it is quantum-software-adjacent."
2303.17366v2,A recursively partitioned approach to architecture-aware ZX Polynomial synthesis and optimization,2023-03-30 13:29:41+00:00,redacted_for_anonymous_review,include,,LOW,"Abstract suggests an in-scope compilation/transpilation claim, but the exact quantitative comparator is not fully explicit at title/abstract level. Kept for full-text confirmation."
2301.00520v2,Quantum Annealing vs. QAOA: 127 Qubit Higher-Order Ising Problems on NISQ Computers,2023-01-02 04:19:46+00:00,redacted_for_anonymous_review,include,,HIGH,Abstract indicates an in-scope compilation/transpilation or software-stack comparison on quantitative resource or performance metrics. Kept for full-text claim extraction.
2211.07854v1,Variational Quantum Algorithms for Chemical Simulation and Drug Discovery,2022-11-15 02:34:36+00:00,redacted_for_anonymous_review,exclude,application_paper,MEDIUM,This reads as an application/use-case paper for a specific domain problem rather than a general comparative methodology claim in scope.
2211.00133v2,Modelling noise in global Molmer-Sorensen interactions applied to quantum approximate optimization,2022-10-31 20:44:17+00:00,redacted_for_anonymous_review,exclude,hardware_only,HIGH,The comparison is primarily hardware- or platform-centric rather than a software-level compilation or variational methodology comparison.
2209.10484v3,Complement Grover's Search Algorithm: An Amplitude Suppression Implementation,2022-09-21 16:38:36+00:00,redacted_for_anonymous_review,exclude,out_of_scope_paradigm,HIGH,"The paper falls outside the scoped paradigms for this field-study pass, even if it is quantum-software-adjacent."
2209.03824v3,Bayesian Optimization for QAOA,2022-09-08 13:59:47+00:00,redacted_for_anonymous_review,include,,HIGH,"Abstract indicates an in-scope variational-optimization comparison or benchmark on algorithms, encodings, ansatzes, optimizers, or performance metrics. Kept for full-text claim extraction."
2205.03441v1,Comparison between the Iterative Local Search and Exhaustive Search methods applied to QAOA in Max-Cut and Ising Spin Model problems,2022-05-06 18:27:57+00:00,redacted_for_anonymous_review,include,,HIGH,"Abstract indicates an in-scope variational-optimization comparison or benchmark on algorithms, encodings, ansatzes, optimizers, or performance metrics. Kept for full-text claim extraction."
2111.12754v2,QAOA of the Highest Order,2021-11-24 19:29:44+00:00,redacted_for_anonymous_review,include,,LOW,"Abstract suggests an in-scope variational/QAOA/VQE comparison, but the exact benchmarked claim remains somewhat implicit. Kept for full-text confirmation."
2111.00796v3,Quantum optimisation via maximally amplified states,2021-11-01 09:43:53+00:00,redacted_for_anonymous_review,include,,LOW,"Abstract suggests an in-scope compilation/transpilation claim, but the exact quantitative comparator is not fully explicit at title/abstract level. Kept for full-text confirmation."
2109.04482v2,Quantifying the Impact of Precision Errors on Quantum Approximate Optimization Algorithms,2021-09-09 18:00:03+00:00,redacted_for_anonymous_review,include,,LOW,"Abstract suggests an in-scope variational/QAOA/VQE comparison, but the exact benchmarked claim remains somewhat implicit. Kept for full-text confirmation."
2109.03745v2,A case study of variational quantum algorithms for a job shop scheduling problem,2021-09-08 16:05:50+00:00,redacted_for_anonymous_review,exclude,application_paper,MEDIUM,This reads as an application/use-case paper for a specific domain problem rather than a general comparative methodology claim in scope.
2412.17580v1,Quantum Time-Series Learning with Evolutionary Algorithms,2024-12-23 13:53:35+00:00,redacted_for_anonymous_review,exclude,application_paper,MEDIUM,This reads as an application/use-case paper for a specific domain problem rather than a general comparative methodology claim in scope.
2412.13271v1,Gaussian process model kernels for noisy optimization in variational quantum algorithms,2024-12-17 19:05:32+00:00,redacted_for_anonymous_review,include,,LOW,"Abstract suggests an in-scope variational/QAOA/VQE comparison, but the exact benchmarked claim remains somewhat implicit. Kept for full-text confirmation."
2410.18910v1,Characterizing conical intersections of nucleobases on quantum computers,2024-10-24 17:00:26+00:00,redacted_for_anonymous_review,exclude,application_paper,MEDIUM,This reads as an application/use-case paper for a specific domain problem rather than a general comparative methodology claim in scope.
2409.06036v1,Steady-State Statistics of Classical Nonlinear Dynamical Systems from Noisy Intermediate-Scale Quantum Devices,2024-09-09 19:56:13+00:00,redacted_for_anonymous_review,exclude,out_of_scope_paradigm,HIGH,"The paper falls outside the scoped paradigms for this field-study pass, even if it is quantum-software-adjacent."
2409.03747v1,"Hybrid Oscillator-Qubit Quantum Processors: Simulating Fermions, Bosons, and Gauge Fields",2024-09-05 17:58:20+00:00,redacted_for_anonymous_review,exclude,hardware_only,HIGH,The comparison is primarily hardware- or platform-centric rather than a software-level compilation or variational methodology comparison.
2408.13812v1,Muon/Pion Identification at BESIII based on Variational Quantum Classifier,2024-08-25 11:29:07+00:00,redacted_for_anonymous_review,exclude,application_paper,MEDIUM,This reads as an application/use-case paper for a specific domain problem rather than a general comparative methodology claim in scope.
2406.14411v1,Performance and scaling analysis of variational quantum simulation,2024-06-20 15:32:41+00:00,redacted_for_anonymous_review,include,,HIGH,"Abstract indicates an in-scope variational-optimization comparison or benchmark on algorithms, encodings, ansatzes, optimizers, or performance metrics. Kept for full-text claim extraction."
2406.10913v1,"Minimal evolution times for fast, pulse-based state preparation in silicon spin qubits",2024-06-16 12:27:21+00:00,redacted_for_anonymous_review,exclude,pulse_level_only,HIGH,"Abstract centers pulse-level or direct-control optimization, which is outside the scoped compilation and variational-optimization paradigms."
2405.17089v2,An improved penalty-based excited-state variational Monte Carlo approach with deep-learning ansatzes,2024-05-27 12:06:37+00:00,redacted_for_anonymous_review,exclude,out_of_scope_paradigm,HIGH,"The paper falls outside the scoped paradigms for this field-study pass, even if it is quantum-software-adjacent."
2405.09225v1,Exploring Ground States of Fermi-Hubbard Model on Honeycomb Lattices with Counterdiabaticity,2024-05-15 10:05:01+00:00,redacted_for_anonymous_review,exclude,application_paper,MEDIUM,This reads as an application/use-case paper for a specific domain problem rather than a general comparative methodology claim in scope.
2405.08917v1,Feature Importance and Explainability in Quantum Machine Learning,2024-05-14 19:12:32+00:00,redacted_for_anonymous_review,exclude,application_paper,MEDIUM,This reads as an application/use-case paper for a specific domain problem rather than a general comparative methodology claim in scope.
2404.14531v1,Electric Field Gradient Calculations for Ice VIII and IX using Polarizable Embedding: A Comparative Study on Classical Computers and Quantum Simulators,2024-04-22 18:59:07+00:00,redacted_for_anonymous_review,include,,HIGH,Abstract indicates an in-scope compilation/transpilation or software-stack comparison on quantitative resource or performance metrics. Kept for full-text claim extraction.
2404.12175v2,Quasiparticle cooling algorithms for quantum many-body state preparation,2024-04-18 13:31:30+00:00,redacted_for_anonymous_review,exclude,out_of_scope_paradigm,HIGH,"The paper falls outside the scoped paradigms for this field-study pass, even if it is quantum-software-adjacent."
2402.12105v1,A joint optimization approach of parameterized quantum circuits with a tensor network,2024-02-19 12:53:52+00:00,redacted_for_anonymous_review,include,,LOW,"Abstract suggests an in-scope variational/QAOA/VQE comparison, but the exact benchmarked claim remains somewhat implicit. Kept for full-text confirmation."
2311.15663v2,Comparison between Tensor Networks and Variational Quantum Classifier,2023-11-27 09:49:05+00:00,redacted_for_anonymous_review,exclude,out_of_scope_paradigm,HIGH,"The paper falls outside the scoped paradigms for this field-study pass, even if it is quantum-software-adjacent."
2311.13543v2,Finding eigenvectors with a quantum variational algorithm,2023-11-22 17:36:42+00:00,redacted_for_anonymous_review,exclude,no_quantitative_claim,LOW,"The topic is close to scope, but the title and abstract do not clearly surface a quantitative A-versus-B claim for screening."
2310.19104v1,Using Variational Eigensolvers on Low-End Hardware to Find the Ground State Energy of Simple Molecules,2023-10-29 18:36:18+00:00,redacted_for_anonymous_review,exclude,application_paper,MEDIUM,This reads as an application/use-case paper for a specific domain problem rather than a general comparative methodology claim in scope.
2309.14942v1,Investigating Parameter Trainability in the SNAP-Displacement Protocol of a Qudit system,2023-09-26 13:57:40+00:00,redacted_for_anonymous_review,exclude,out_of_scope_paradigm,HIGH,"The paper falls outside the scoped paradigms for this field-study pass, even if it is quantum-software-adjacent."
2309.05924v1,Comparison of Quantum Simulators for Variational Quantum Search: A Benchmark Study,2023-09-12 02:43:53+00:00,redacted_for_anonymous_review,include,,HIGH,"Abstract indicates an in-scope variational-optimization comparison or benchmark on algorithms, encodings, ansatzes, optimizers, or performance metrics. Kept for full-text claim extraction."
2309.04754v1,Ansatz-Agnostic Exponential Resource Saving in Variational Quantum Algorithms Using Shallow Shadows,2023-09-09 11:00:39+00:00,redacted_for_anonymous_review,include,,LOW,"Abstract suggests an in-scope compilation/transpilation claim, but the exact quantitative comparator is not fully explicit at title/abstract level. Kept for full-text confirmation."
2306.14842v2,Fermionic Simulators for Enhanced Scalability of Variational Quantum Simulation,2023-06-26 16:50:36+00:00,redacted_for_anonymous_review,exclude,out_of_scope_paradigm,HIGH,"The paper falls outside the scoped paradigms for this field-study pass, even if it is quantum-software-adjacent."
2306.02024v1,Tensor train optimization of parametrized quantum circuits,2023-06-03 06:50:00+00:00,redacted_for_anonymous_review,include,,LOW,"Abstract suggests an in-scope variational/QAOA/VQE comparison, but the exact benchmarked claim remains somewhat implicit. Kept for full-text confirmation."
2305.07902v1,Electronic Structure Calculations using Quantum Computing,2023-05-13 12:02:05+00:00,redacted_for_anonymous_review,exclude,application_paper,MEDIUM,This reads as an application/use-case paper for a specific domain problem rather than a general comparative methodology claim in scope.
2304.13142v1,Quantum Machine Learning Approach for the Prediction of Surface Roughness in Additive Manufactured Specimens,2023-04-24 11:57:10+00:00,redacted_for_anonymous_review,exclude,application_paper,MEDIUM,This reads as an application/use-case paper for a specific domain problem rather than a general comparative methodology claim in scope.
2303.08910v3,Convergence and Quantum Advantage of Trotterized MERA for Strongly-Correlated Systems,2023-03-15 20:09:45+00:00,redacted_for_anonymous_review,include,,LOW,"Abstract suggests an in-scope variational/QAOA/VQE comparison, but the exact benchmarked claim remains somewhat implicit. Kept for full-text confirmation."
2303.03588v1,Variational quantum state discriminator for supervised machine learning,2023-03-07 01:44:46+00:00,redacted_for_anonymous_review,exclude,out_of_scope_paradigm,HIGH,"The paper falls outside the scoped paradigms for this field-study pass, even if it is quantum-software-adjacent."
2303.02797v2,Variational Quantum Eigensolver for Classification in Credit Sales Risk,2023-03-05 23:08:39+00:00,redacted_for_anonymous_review,exclude,application_paper,MEDIUM,This reads as an application/use-case paper for a specific domain problem rather than a general comparative methodology claim in scope.
2212.11405v1,A self-consistent field approach for the variational quantum eigensolver: orbital optimization goes adaptive,2022-12-21 23:15:17+00:00,redacted_for_anonymous_review,include,,LOW,"Abstract suggests an in-scope variational/QAOA/VQE comparison, but the exact benchmarked claim remains somewhat implicit. Kept for full-text confirmation."
2212.11127v2,Recommending Solution Paths for Solving Optimization Problems with Quantum Computing,2022-12-21 15:55:43+00:00,redacted_for_anonymous_review,exclude,no_quantitative_claim,LOW,"The topic is close to scope, but the title and abstract do not clearly surface a quantitative A-versus-B claim for screening."
2210.13240v3,Variational quantum eigensolver for causal loop Feynman diagrams and directed acyclic graphs,2022-10-24 13:42:53+00:00,redacted_for_anonymous_review,exclude,application_paper,MEDIUM,This reads as an application/use-case paper for a specific domain problem rather than a general comparative methodology claim in scope.
2209.08535v4,Sequential optimal selection of a single-qubit gate and its relation to barren plateau in parameterized quantum circuits,2022-09-18 11:19:56+00:00,redacted_for_anonymous_review,include,,LOW,"Abstract suggests an in-scope variational/QAOA/VQE comparison, but the exact benchmarked claim remains somewhat implicit. Kept for full-text confirmation."
2208.07977v1,Towards the simulation of transition-metal oxides of the cathode battery materials using VQE methods,2022-08-16 22:30:54+00:00,redacted_for_anonymous_review,exclude,application_paper,MEDIUM,This reads as an application/use-case paper for a specific domain problem rather than a general comparative methodology claim in scope.
2208.05637v1,Scalable neural quantum states architecture for quantum chemistry,2022-08-11 04:40:02+00:00,redacted_for_anonymous_review,exclude,out_of_scope_paradigm,HIGH,"The paper falls outside the scoped paradigms for this field-study pass, even if it is quantum-software-adjacent."
2207.11449v3,Generating quantum feature maps for SVM classifier,2022-07-23 07:28:23+00:00,redacted_for_anonymous_review,exclude,out_of_scope_paradigm,HIGH,"The paper falls outside the scoped paradigms for this field-study pass, even if it is quantum-software-adjacent."
2207.05751v3,A Synergistic Compilation Workflow for Tackling Crosstalk in Quantum Machines,2022-07-12 04:11:05+00:00,redacted_for_anonymous_review,include,,LOW,"Abstract suggests an in-scope compilation/transpilation claim, but the exact quantitative comparator is not fully explicit at title/abstract level. Kept for full-text confirmation."
2205.14903v2,Quantum-assisted Monte Carlo algorithms for fermions,2022-05-30 07:49:22+00:00,redacted_for_anonymous_review,exclude,out_of_scope_paradigm,HIGH,"The paper falls outside the scoped paradigms for this field-study pass, even if it is quantum-software-adjacent."
2205.12142v1,QPack Scores: Quantitative performance metrics for application-oriented quantum computer benchmarking,2022-05-24 15:18:24+00:00,redacted_for_anonymous_review,exclude,hardware_only,HIGH,The comparison is primarily hardware- or platform-centric rather than a software-level compilation or variational methodology comparison.
2205.01726v1,"Accelerated Convergence of Contracted Quantum Eigensolvers through a Quasi-Second-Order, Locally Parameterized Optimization",2022-05-03 18:48:04+00:00,redacted_for_anonymous_review,include,,LOW,"Abstract suggests an in-scope variational/QAOA/VQE comparison, but the exact benchmarked claim remains somewhat implicit. Kept for full-text confirmation."
2204.10741v2,Quantum Davidson Algorithm for Excited States,2022-04-22 15:03:03+00:00,redacted_for_anonymous_review,include,,LOW,"Abstract suggests an in-scope variational/QAOA/VQE comparison, but the exact benchmarked claim remains somewhat implicit. Kept for full-text confirmation."
2203.05275v2,Calculating the ground state energy of benzene under spatial deformations with noisy quantum computing,2022-03-10 10:28:59+00:00,redacted_for_anonymous_review,exclude,application_paper,MEDIUM,This reads as an application/use-case paper for a specific domain problem rather than a general comparative methodology claim in scope.
2112.07416v2,Quantum expectation-value estimation by computational basis sampling,2021-12-14 14:08:56+00:00,redacted_for_anonymous_review,include,,LOW,"Abstract suggests an in-scope compilation/transpilation claim, but the exact quantitative comparator is not fully explicit at title/abstract level. Kept for full-text confirmation."
2112.06365v3,Multistate Transition Dynamics by Strong Time-Dependent Perturbation in NISQ era,2021-12-13 00:49:15+00:00,redacted_for_anonymous_review,exclude,out_of_scope_paradigm,HIGH,"The paper falls outside the scoped paradigms for this field-study pass, even if it is quantum-software-adjacent."
2111.13454v3,Performance comparison of optimization methods on variational quantum algorithms,2021-11-26 12:13:20+00:00,redacted_for_anonymous_review,include,,HIGH,"Abstract indicates an in-scope variational-optimization comparison or benchmark on algorithms, encodings, ansatzes, optimizers, or performance metrics. Kept for full-text claim extraction."
2111.08085v3,Mitigated barren plateaus in the time-nonlocal optimization of analog quantum-algorithm protocols,2021-11-15 21:13:10+00:00,redacted_for_anonymous_review,include,,LOW,"Abstract suggests an in-scope variational/QAOA/VQE comparison, but the exact benchmarked claim remains somewhat implicit. Kept for full-text confirmation."
2107.08606v3,Variational Quantum Linear Solver with Dynamic Ansatz,2021-07-19 03:42:25+00:00,redacted_for_anonymous_review,include,,LOW,"Abstract suggests an in-scope variational/QAOA/VQE comparison, but the exact benchmarked claim remains somewhat implicit. Kept for full-text confirmation."
2106.08682v1,A Comparison of Various Classical Optimizers for a Variational Quantum Linear Solver,2021-06-16 10:40:00+00:00,redacted_for_anonymous_review,include,,HIGH,"Abstract indicates an in-scope variational-optimization comparison or benchmark on algorithms, encodings, ansatzes, optimizers, or performance metrics. Kept for full-text claim extraction."
2105.01987v1,Comparison between trion and exciton electronic properties in CdSe and PbS nanoplatelets,2021-05-05 11:31:39+00:00,redacted_for_anonymous_review,exclude,out_of_scope_paradigm,HIGH,"The paper falls outside the scoped paradigms for this field-study pass, even if it is quantum-software-adjacent."
2103.08563v3,Real time evolution for ultracompact Hamiltonian eigenstates on quantum hardware,2021-03-15 17:27:00+00:00,redacted_for_anonymous_review,include,,LOW,"Abstract suggests an in-scope variational/QAOA/VQE comparison, but the exact benchmarked claim remains somewhat implicit. Kept for full-text confirmation."
2102.00345v2,Simulating Many-Body Systems with a Projective Quantum Eigensolver,2021-01-31 00:31:12+00:00,redacted_for_anonymous_review,include,,LOW,"Abstract suggests an in-scope variational/QAOA/VQE comparison, but the exact benchmarked claim remains somewhat implicit. Kept for full-text confirmation."
2101.08526v7,Variational quantum solver employing the PDS energy functional,2021-01-21 10:12:38+00:00,redacted_for_anonymous_review,include,,LOW,"Abstract suggests an in-scope variational/QAOA/VQE comparison, but the exact benchmarked claim remains somewhat implicit. Kept for full-text confirmation."
2011.08137v3,Quantum simulations of molecular systems with intrinsic atomic orbitals,2020-11-16 18:01:44+00:00,redacted_for_anonymous_review,include,,LOW,"Abstract suggests an in-scope variational/QAOA/VQE comparison, but the exact benchmarked claim remains somewhat implicit. Kept for full-text confirmation."
2010.05316v2,Convergence to the fixed-node limit in deep variational Monte Carlo,2020-10-11 18:50:14+00:00,redacted_for_anonymous_review,exclude,out_of_scope_paradigm,HIGH,"The paper falls outside the scoped paradigms for this field-study pass, even if it is quantum-software-adjacent."
2009.13545v3,The Meta-Variational Quantum Eigensolver (Meta-VQE): Learning energy profiles of parameterized Hamiltonians for quantum simulation,2020-09-28 18:00:15+00:00,redacted_for_anonymous_review,include,,LOW,"Abstract suggests an in-scope variational/QAOA/VQE comparison, but the exact benchmarked claim remains somewhat implicit. Kept for full-text confirmation."
2009.13140v3,Quantum computed moments correction to variational estimates,2020-09-28 08:39:05+00:00,redacted_for_anonymous_review,include,,LOW,"Abstract suggests an in-scope variational/QAOA/VQE comparison, but the exact benchmarked claim remains somewhat implicit. Kept for full-text confirmation."
2009.03351v3,Hamiltonian operator approximation for energy measurement and ground state preparation,2020-09-07 18:11:00+00:00,redacted_for_anonymous_review,include,,LOW,"Abstract suggests an in-scope variational/QAOA/VQE comparison, but the exact benchmarked claim remains somewhat implicit. Kept for full-text confirmation."
2008.07617v2,Comparative study of variational quantum circuit and quantum backpropagation multilayer perceptron for COVID-19 outbreak predictions,2020-08-08 17:57:14+00:00,redacted_for_anonymous_review,exclude,application_paper,MEDIUM,This reads as an application/use-case paper for a specific domain problem rather than a general comparative methodology claim in scope.
2008.02941v2,Exploring entanglement and optimization within the Hamiltonian Variational Ansatz,2020-08-07 01:28:26+00:00,redacted_for_anonymous_review,include,,LOW,"Abstract suggests an in-scope variational/QAOA/VQE comparison, but the exact benchmarked claim remains somewhat implicit. Kept for full-text confirmation."
2007.00017v2,Dynamic Portfolio Optimization with Real Datasets Using Quantum Processors and Quantum-Inspired Tensor Networks,2020-06-30 18:00:03+00:00,redacted_for_anonymous_review,exclude,application_paper,MEDIUM,This reads as an application/use-case paper for a specific domain problem rather than a general comparative methodology claim in scope.
2006.13222v2,Certified variational quantum algorithms for eigenstate preparation,2020-06-23 18:00:00+00:00,redacted_for_anonymous_review,include,,LOW,"Abstract suggests an in-scope variational/QAOA/VQE comparison, but the exact benchmarked claim remains somewhat implicit. Kept for full-text confirmation."
2005.11011v2,Using models to improve optimizers for variational quantum algorithms,2020-05-22 05:23:23+00:00,redacted_for_anonymous_review,include,,LOW,"Abstract suggests an in-scope variational/QAOA/VQE comparison, but the exact benchmarked claim remains somewhat implicit. Kept for full-text confirmation."
2002.11724v2,Calculating transition amplitudes by variational quantum deflation,2020-02-26 19:00:00+00:00,redacted_for_anonymous_review,include,,LOW,"Abstract suggests an in-scope variational/QAOA/VQE comparison, but the exact benchmarked claim remains somewhat implicit. Kept for full-text confirmation."
2002.09935v2,Event Classification with Quantum Machine Learning in High-Energy Physics,2020-02-23 16:30:33+00:00,redacted_for_anonymous_review,exclude,application_paper,MEDIUM,This reads as an application/use-case paper for a specific domain problem rather than a general comparative methodology claim in scope.
2411.19439v2,qlbm -- A Quantum Lattice Boltzmann Software Framework,2024-11-29 02:41:07+00:00,redacted_for_anonymous_review,exclude,out_of_scope_paradigm,HIGH,"The paper falls outside the scoped paradigms for this field-study pass, even if it is quantum-software-adjacent."
2411.17756v1,Understanding the Scalability of Circuit Cutting Techniques for Practical Quantum Applications,2024-11-25 23:16:27+00:00,redacted_for_anonymous_review,exclude,out_of_scope_paradigm,HIGH,"The paper falls outside the scoped paradigms for this field-study pass, even if it is quantum-software-adjacent."
2410.00650v1,A Survey on Testing and Analysis of Quantum Software,2024-10-01 13:05:54+00:00,redacted_for_anonymous_review,exclude,survey_paper,HIGH,Title and abstract indicate a survey/review rather than a primary empirical comparison paper for the audited corpus.
2409.08844v2,Benchmarking the performance of quantum computing software,2024-09-13 14:03:09+00:00,redacted_for_anonymous_review,include,,HIGH,Abstract indicates an in-scope compilation/transpilation or software-stack comparison on quantitative resource or performance metrics. Kept for full-text claim extraction.
2406.14712v1,Qiskit HumanEval: An Evaluation Benchmark For Quantum Code Generative Models,2024-06-20 20:14:22+00:00,redacted_for_anonymous_review,exclude,out_of_scope_paradigm,HIGH,"The paper falls outside the scoped paradigms for this field-study pass, even if it is quantum-software-adjacent."
2404.02595v5,QFNN-FFD: Quantum Federated Neural Network for Financial Fraud Detection,2024-04-03 09:19:46+00:00,redacted_for_anonymous_review,exclude,application_paper,MEDIUM,This reads as an application/use-case paper for a specific domain problem rather than a general comparative methodology claim in scope.
2403.05828v2,Multi-GPU-Enabled Hybrid Quantum-Classical Workflow in Quantum-HPC Middleware: Applications in Quantum Simulations,2024-03-09 07:38:45+00:00,redacted_for_anonymous_review,exclude,out_of_scope_paradigm,HIGH,"The paper falls outside the scoped paradigms for this field-study pass, even if it is quantum-software-adjacent."
2401.14913v1,On Repairing Quantum Programs Using ChatGPT,2024-01-26 14:46:53+00:00,redacted_for_anonymous_review,exclude,out_of_scope_paradigm,HIGH,"The paper falls outside the scoped paradigms for this field-study pass, even if it is quantum-software-adjacent."
2311.16913v5,Quantum Circuit Mutants: Empirical Analysis and Recommendations,2023-11-28 16:15:50+00:00,redacted_for_anonymous_review,exclude,out_of_scope_paradigm,HIGH,"The paper falls outside the scoped paradigms for this field-study pass, even if it is quantum-software-adjacent."
2309.05157v1,Superstaq: Deep Optimization of Quantum Programs,2023-09-10 22:14:38+00:00,redacted_for_anonymous_review,include,,MEDIUM,Abstract indicates an in-scope compilation/transpilation or software-stack comparison on quantitative resource or performance metrics. Kept for full-text claim extraction.
2304.04387v1,QChecker: Detecting Bugs in Quantum Programs via Static Analysis,2023-04-10 05:15:34+00:00,redacted_for_anonymous_review,exclude,out_of_scope_paradigm,HIGH,"The paper falls outside the scoped paradigms for this field-study pass, even if it is quantum-software-adjacent."
2206.10880v1,VeriQBench: A Benchmark for Multiple Types of Quantum Circuits,2022-06-22 07:03:20+00:00,redacted_for_anonymous_review,exclude,out_of_scope_paradigm,HIGH,"The paper falls outside the scoped paradigms for this field-study pass, even if it is quantum-software-adjacent."
2204.13719v3,MQT Bench: Benchmarking Software and Design Automation Tools for Quantum Computing,2022-04-28 18:00:10+00:00,redacted_for_anonymous_review,include,,HIGH,Abstract indicates an in-scope compilation/transpilation or software-stack comparison on quantitative resource or performance metrics. Kept for full-text claim extraction.
2106.08759v3,OpenSSLNTRU: Faster post-quantum TLS key exchange,2021-06-16 13:12:46+00:00,redacted_for_anonymous_review,exclude,out_of_scope_paradigm,HIGH,"The paper falls outside the scoped paradigms for this field-study pass, even if it is quantum-software-adjacent."
2103.16968v1,QBugs: A Collection of Reproducible Bugs in Quantum Algorithms and a Supporting Infrastructure to Enable Controlled Quantum Software Testing and Debugging Experiments,2021-03-31 10:44:16+00:00,redacted_for_anonymous_review,exclude,out_of_scope_paradigm,HIGH,"The paper falls outside the scoped paradigms for this field-study pass, even if it is quantum-software-adjacent."
2003.10611v3,t$|$ket$\rangle$ : A Retargetable Compiler for NISQ Devices,2020-03-24 01:49:08+00:00,redacted_for_anonymous_review,include,,MEDIUM,Abstract indicates an in-scope compilation/transpilation or software-stack comparison on quantitative resource or performance metrics. Kept for full-text claim extraction.
2407.15745v1,Comparing Algorithms for Loading Classical Datasets into Quantum Memory,2024-07-22 15:43:18+00:00,redacted_for_anonymous_review,exclude,out_of_scope_paradigm,HIGH,"The paper falls outside the scoped paradigms for this field-study pass, even if it is quantum-software-adjacent."
2309.01028v2,Demonstration of a Hardware-Independent Toolkit for Automated Quantum Subcircuit Synthesis,2023-09-02 21:46:38+00:00,redacted_for_anonymous_review,include,,MEDIUM,Abstract indicates an in-scope compilation/transpilation or software-stack comparison on quantitative resource or performance metrics. Kept for full-text claim extraction.
2303.10670v1,Distributed exact quantum algorithms for Bernstein-Vazirani and search problems,2023-03-19 14:18:49+00:00,redacted_for_anonymous_review,exclude,out_of_scope_paradigm,HIGH,"The paper falls outside the scoped paradigms for this field-study pass, even if it is quantum-software-adjacent."
