record_id,claim_id,paper_id,source_file_key,scalar_directional_planning_record,manuscript_group,proxy_free_exact_status,auditable_design_status,barrier_scope,primary_barrier,secondary_barriers,barrier_source_file,barrier_source_column,barrier_source_value,derivation_note,adjudicated,notes,second_author_checked,second_author_check_scope,second_author_group_agreement,second_author_barrier_agreement,second_author_comment,adjudication_after_second_check
ext_2308_02536v1_legacy_claim2,ext_2308_02536v1_legacy_claim2,2308.02536v1,relation_schema_rq1_flags.csv,true,auditable_non_exact,false,source_supported_extension,"auditable only via source-supported extension, not an exact proxy-free source comparison",diagnostic_or_extension_not_exact_source_comparison,artifact;data;hyperparameters;resource_budget,artifact/screening_drop_78_materialization_boundary.csv | artifact/external_audit/materialization/materialization_tiers_76.csv,evidence_mode_if_auditable;missing_or_limiting_component;blocker_type;reason_not_exact | missing_elements;reason_for_tier;materialization_tier(internal),mode=source_supported_extension; missing=relation; blocker=env/needs-build | missing_elements=artifact;data;hyperparameters;resource_budget; tier(internal)=T3,In manuscript 53 auditable designs (non-exact). Registry design_type=source_supported_extension.,true,artifact_internal_tier=T3 (supporting only; not a manuscript group),true,sampled_extension,agree,agree,extension design consistent with barrier source fields,unchanged
ext_2202_14025v1_legacy_claim6,ext_2202_14025v1_legacy_claim6,2202.14025v1,relation_schema_rq1_flags.csv,true,proxy_free_exact,true,exact,none,none,none,artifact/screening_drop_78_materialization_boundary.csv,exact_proxy_free_yes_no,yes (EX-C Tier-1 proxy-free scoped S/U/R card),screening_drop_78 exact_proxy_free_yes_no=yes; EX-C Tier-1 proxy-free scoped S/U/R card.,true,,false,not_checked,not_checked,not_checked,,not_checked
ext_2202_14025v1_legacy_claim12,ext_2202_14025v1_legacy_claim12,2202.14025v1,relation_schema_rq1_flags.csv,true,proxy_free_exact,true,exact,none,none,none,artifact/screening_drop_78_materialization_boundary.csv,exact_proxy_free_yes_no,yes (EX-C Tier-1 proxy-free scoped S/U/R card),screening_drop_78 exact_proxy_free_yes_no=yes; EX-C Tier-1 proxy-free scoped S/U/R card.,true,,false,not_checked,not_checked,not_checked,,not_checked
ext_2202_14025v1_legacy_claim22,ext_2202_14025v1_legacy_claim22,2202.14025v1,relation_schema_rq1_flags.csv,true,auditable_non_exact,false,source_supported_extension,"auditable only via source-supported extension, not an exact proxy-free source comparison",diagnostic_or_extension_not_exact_source_comparison,artifact;baseline;hyperparameters;other,artifact/screening_drop_78_materialization_boundary.csv | artifact/external_audit/materialization/materialization_tiers_76.csv,evidence_mode_if_auditable;missing_or_limiting_component;blocker_type;reason_not_exact | missing_elements;reason_for_tier;materialization_tier(internal),mode=source_supported_extension; missing=relation; blocker=env/needs-build | missing_elements=artifact;baseline;hyperparameters;other; tier(internal)=T3,In manuscript 53 auditable designs (non-exact). Registry design_type=source_supported_extension.,true,artifact_internal_tier=T3 (supporting only; not a manuscript group),true,sampled_extension,agree,agree,extension design consistent with barrier source fields,unchanged
ext_2304_08814v2_claim5,ext_2304_08814v2_claim5,2304.08814v2,relation_schema_rq1_flags.csv,true,proxy_free_exact,true,exact,none,none,none,artifact/screening_drop_78_materialization_boundary.csv,exact_proxy_free_yes_no,yes (EX-C Tier-1 proxy-free scoped S/U/R card),screening_drop_78 exact_proxy_free_yes_no=yes; EX-C Tier-1 proxy-free scoped S/U/R card.,true,,false,not_checked,not_checked,not_checked,,not_checked
ext_2304_08814v2_claim6,ext_2304_08814v2_claim6,2304.08814v2,relation_schema_rq1_flags.csv,true,no_design_or_boundary,false,relation_specific_not_in_53,only a relation-specific source-rule design is lockable; excluded from manuscript 53 (exact+source-materialized+extension),relation_specific_source_rule_only,artifact;baseline;hyperparameters;resource_budget,artifact/screening_drop_78_materialization_boundary.csv | artifact/external_audit/materialization/materialization_tiers_76.csv,evidence_mode_if_auditable;missing_or_limiting_component;blocker_type;reason_not_exact | missing_elements;reason_for_tier;materialization_tier(internal),mode=relation_specific; missing=runtime_environment; blocker=environment+reporting | missing_elements=artifact;baseline;hyperparameters;resource_budget; tier(internal)=T3,"Relation-specific design mode; EXCLUDED from manuscript-facing 53 auditable designs (53 = exact + source-materialized + source-supported-extension only), so counted as no_design_or_boundary. 20 of 21 relation_specific land here; the 1 source-materialized SD claim is in auditable_non_exact.",true,artifact_internal_tier=T3 (supporting only; not a manuscript group),true,targeted_boundary,agree,agree,boundary decision consistent with source evidence,unchanged
ext_2304_08814v2_claim7,ext_2304_08814v2_claim7,2304.08814v2,relation_schema_rq1_flags.csv,true,no_design_or_boundary,false,relation_specific_not_in_53,only a relation-specific source-rule design is lockable; excluded from manuscript 53 (exact+source-materialized+extension),relation_specific_source_rule_only,artifact;baseline;hyperparameters;other,artifact/screening_drop_78_materialization_boundary.csv | artifact/external_audit/materialization/materialization_tiers_76.csv,evidence_mode_if_auditable;missing_or_limiting_component;blocker_type;reason_not_exact | missing_elements;reason_for_tier;materialization_tier(internal),mode=relation_specific; missing=none(clean); blocker=none(clean) | missing_elements=artifact;baseline;hyperparameters;other; tier(internal)=T3,"Relation-specific design mode; EXCLUDED from manuscript-facing 53 auditable designs (53 = exact + source-materialized + source-supported-extension only), so counted as no_design_or_boundary. 20 of 21 relation_specific land here; the 1 source-materialized SD claim is in auditable_non_exact.",true,artifact_internal_tier=T3 (supporting only; not a manuscript group),true,targeted_boundary,agree,agree,boundary decision consistent with source evidence,unchanged
ext_2409_14786v3_claim2,ext_2409_14786v3_claim2,2409.14786v3,relation_schema_rq1_flags.csv,true,auditable_non_exact,false,source_supported_extension,"auditable only via source-supported extension, not an exact proxy-free source comparison",diagnostic_or_extension_not_exact_source_comparison,artifact;hyperparameters;instance_generator;optimizer;other;resource_budget,artifact/screening_drop_78_materialization_boundary.csv | artifact/external_audit/materialization/materialization_tiers_76.csv,evidence_mode_if_auditable;missing_or_limiting_component;blocker_type;reason_not_exact | missing_elements;reason_for_tier;materialization_tier(internal),mode=source_supported_extension; missing=baseline_implementation; blocker=env/needs-build | missing_elements=artifact;hyperparameters;instance_generator;optimizer;other;resource_budget; tier(internal)=T3,In manuscript 53 auditable designs (non-exact). Registry design_type=source_supported_extension.,true,artifact_internal_tier=T3 (supporting only; not a manuscript group),true,sampled_extension,agree,agree,extension design consistent with barrier source fields,unchanged
ext_2409_14786v3_claim3,ext_2409_14786v3_claim3,2409.14786v3,relation_schema_rq1_flags.csv,true,no_design_or_boundary,false,verification_only,deterministic verification record; not an auditable comparative design in the 53,verification_only_not_auditable_design,env/needs-build,artifact/screening_drop_78_materialization_boundary.csv | artifact/source_grounded_claim_adjudication.csv,evidence_mode_if_auditable;missing_or_limiting_component;blocker_type;reason_not_exact | primary_blocker_if_any;strongest_adjudicated_mode,mode=verification_only; missing=env/needs-build; blocker=env/needs-build | primary_blocker=missing_baseline_implementation; mode=verification_only,Verification-only record (not a perturbation-audit design); not in the 53.,true,outside locked 76-row census,true,targeted_boundary,agree,agree,boundary decision consistent with source evidence,unchanged
ext_2409_14786v3_claim4,ext_2409_14786v3_claim4,2409.14786v3,relation_schema_rq1_flags.csv,true,no_design_or_boundary,false,verification_only,deterministic verification record; not an auditable comparative design in the 53,verification_only_not_auditable_design,env/needs-build,artifact/screening_drop_78_materialization_boundary.csv | artifact/source_grounded_claim_adjudication.csv,evidence_mode_if_auditable;missing_or_limiting_component;blocker_type;reason_not_exact | primary_blocker_if_any;strongest_adjudicated_mode,mode=verification_only; missing=env/needs-build; blocker=env/needs-build | primary_blocker=missing_baseline_implementation; mode=verification_only,Verification-only record (not a perturbation-audit design); not in the 53.,true,outside locked 76-row census,true,targeted_boundary,agree,agree,boundary decision consistent with source evidence,unchanged
ext_2409_14786v3_claim6,ext_2409_14786v3_claim6,2409.14786v3,relation_schema_rq1_flags.csv,true,auditable_non_exact,false,source_supported_extension,"auditable only via source-supported extension, not an exact proxy-free source comparison",diagnostic_or_extension_not_exact_source_comparison,artifact;hyperparameters;instance_generator;optimizer;resource_budget,artifact/screening_drop_78_materialization_boundary.csv | artifact/external_audit/materialization/materialization_tiers_76.csv,evidence_mode_if_auditable;missing_or_limiting_component;blocker_type;reason_not_exact | missing_elements;reason_for_tier;materialization_tier(internal),mode=source_supported_extension; missing=relation; blocker=env/needs-build | missing_elements=artifact;hyperparameters;instance_generator;optimizer;resource_budget; tier(internal)=T3,In manuscript 53 auditable designs (non-exact). Registry design_type=source_supported_extension.,true,artifact_internal_tier=T3 (supporting only; not a manuscript group),true,sampled_extension,agree,agree,extension design consistent with barrier source fields,unchanged
ext_2409_14786v3_claim8,ext_2409_14786v3_claim8,2409.14786v3,relation_schema_rq1_flags.csv,true,auditable_non_exact,false,source_supported_extension,"auditable only via source-supported extension, not an exact proxy-free source comparison",diagnostic_or_extension_not_exact_source_comparison,artifact;hyperparameters;instance_generator;optimizer;resource_budget,artifact/screening_drop_78_materialization_boundary.csv | artifact/external_audit/materialization/materialization_tiers_76.csv,evidence_mode_if_auditable;missing_or_limiting_component;blocker_type;reason_not_exact | missing_elements;reason_for_tier;materialization_tier(internal),mode=source_supported_extension; missing=relation; blocker=env/needs-build | missing_elements=artifact;hyperparameters;instance_generator;optimizer;resource_budget; tier(internal)=T3,In manuscript 53 auditable designs (non-exact). Registry design_type=source_supported_extension.,true,artifact_internal_tier=T3 (supporting only; not a manuscript group),true,sampled_extension,agree,agree,extension design consistent with barrier source fields,unchanged
ext_2407_01010v2_claim1,ext_2407_01010v2_claim1,2407.01010v2,relation_schema_rq1_flags.csv,true,auditable_non_exact,false,source_supported_extension,"auditable only via source-supported extension, not an exact proxy-free source comparison",diagnostic_or_extension_not_exact_source_comparison,artifact;baseline;hyperparameters;other,artifact/screening_drop_78_materialization_boundary.csv | artifact/external_audit/materialization/materialization_tiers_76.csv,evidence_mode_if_auditable;missing_or_limiting_component;blocker_type;reason_not_exact | missing_elements;reason_for_tier;materialization_tier(internal),mode=source_supported_extension; missing=source_rows; blocker=none | missing_elements=artifact;baseline;hyperparameters;other; tier(internal)=T3,In manuscript 53 auditable designs (non-exact). Registry design_type=source_supported_extension.,true,artifact_internal_tier=T3 (supporting only; not a manuscript group),true,sampled_extension,agree,agree,extension design consistent with barrier source fields,unchanged
ext_2407_01010v2_claim3,ext_2407_01010v2_claim3,2407.01010v2,relation_schema_rq1_flags.csv,true,auditable_non_exact,false,source_supported_extension,"auditable only via source-supported extension, not an exact proxy-free source comparison",diagnostic_or_extension_not_exact_source_comparison,artifact;baseline;hyperparameters;other,artifact/screening_drop_78_materialization_boundary.csv | artifact/external_audit/materialization/materialization_tiers_76.csv,evidence_mode_if_auditable;missing_or_limiting_component;blocker_type;reason_not_exact | missing_elements;reason_for_tier;materialization_tier(internal),mode=source_supported_extension; missing=source_rows; blocker=env/needs-build | missing_elements=artifact;baseline;hyperparameters;other; tier(internal)=T3,In manuscript 53 auditable designs (non-exact). Registry design_type=source_supported_extension.,true,artifact_internal_tier=T3 (supporting only; not a manuscript group),true,sampled_extension,agree,agree,extension design consistent with barrier source fields,unchanged
ext_2406_06836v3_claim2,ext_2406_06836v3_claim2,2406.06836v3,relation_schema_rq1_flags.csv,true,no_design_or_boundary,false,relation_specific_not_in_53,only a relation-specific source-rule design is lockable; excluded from manuscript 53 (exact+source-materialized+extension),relation_specific_source_rule_only,artifact;hyperparameters;instance_generator;resource_budget,artifact/screening_drop_78_materialization_boundary.csv | artifact/external_audit/materialization/materialization_tiers_76.csv,evidence_mode_if_auditable;missing_or_limiting_component;blocker_type;reason_not_exact | missing_elements;reason_for_tier;materialization_tier(internal),mode=relation_specific; missing=runtime_environment; blocker=environment | missing_elements=artifact;hyperparameters;instance_generator;resource_budget; tier(internal)=T3,"Relation-specific design mode; EXCLUDED from manuscript-facing 53 auditable designs (53 = exact + source-materialized + source-supported-extension only), so counted as no_design_or_boundary. 20 of 21 relation_specific land here; the 1 source-materialized SD claim is in auditable_non_exact.",true,artifact_internal_tier=T3 (supporting only; not a manuscript group),true,targeted_boundary,agree,agree,boundary decision consistent with source evidence,unchanged
ext_2311_15123v3_claim5,ext_2311_15123v3_claim5,2311.15123v3,relation_schema_rq1_flags.csv,true,no_design_or_boundary,false,relation_specific_not_in_53,only a relation-specific source-rule design is lockable; excluded from manuscript 53 (exact+source-materialized+extension),relation_specific_source_rule_only,artifact;baseline;data;metric,artifact/screening_drop_78_materialization_boundary.csv | artifact/external_audit/materialization/materialization_tiers_76.csv,evidence_mode_if_auditable;missing_or_limiting_component;blocker_type;reason_not_exact | missing_elements;reason_for_tier;materialization_tier(internal),mode=relation_specific; missing=env+methodology; blocker=env+methodology | missing_elements=artifact;baseline;data;metric; tier(internal)=T4,"Relation-specific design mode; EXCLUDED from manuscript-facing 53 auditable designs (53 = exact + source-materialized + source-supported-extension only), so counted as no_design_or_boundary. 20 of 21 relation_specific land here; the 1 source-materialized SD claim is in auditable_non_exact.",true,artifact_internal_tier=T4 (supporting only; not a manuscript group),true,targeted_boundary,agree,agree,boundary decision consistent with source evidence,unchanged
ext_2411_00518v2_claim1,ext_2411_00518v2_claim1,2411.00518v2,relation_schema_rq1_flags.csv,true,proxy_free_exact,true,exact,none,none,none,artifact/screening_drop_78_materialization_boundary.csv,exact_proxy_free_yes_no,yes (EX-C Tier-1 proxy-free scoped S/U/R card),screening_drop_78 exact_proxy_free_yes_no=yes; EX-C Tier-1 proxy-free scoped S/U/R card.,true,,false,not_checked,not_checked,not_checked,,not_checked
ext_2110_00592v2_claim1,ext_2110_00592v2_claim1,2110.00592v2,relation_schema_rq1_flags.csv,true,no_design_or_boundary,false,no_lockable_design,no lockable auditable design; earliest blocking missing-evidence element,comparator_or_baseline_not_lockable,baseline;artifact;instance_generator;data,artifact/screening_drop_78_materialization_boundary.csv | artifact/external_audit/materialization/materialization_tiers_76.csv,evidence_mode_if_auditable;missing_or_limiting_component;blocker_type;reason_not_exact | missing_elements;reason_for_tier;materialization_tier(internal),mode=none; missing=baseline_implementation; blocker=reporting/environment | missing_elements=baseline;artifact;instance_generator;data; tier(internal)=T4,No lockable auditable design (boundary); primary barrier mapped from recorded blocker.,true,artifact_internal_tier=T4 (supporting only; not a manuscript group),true,targeted_boundary,agree,agree,boundary decision consistent with source evidence,unchanged
ext_2110_00592v2_claim2,ext_2110_00592v2_claim2,2110.00592v2,relation_schema_rq1_flags.csv,true,no_design_or_boundary,false,no_lockable_design,no lockable auditable design; earliest blocking missing-evidence element,timing_or_host_protocol_missing,baseline;artifact;instance_generator;data,artifact/screening_drop_78_materialization_boundary.csv | artifact/external_audit/materialization/materialization_tiers_76.csv,evidence_mode_if_auditable;missing_or_limiting_component;blocker_type;reason_not_exact | missing_elements;reason_for_tier;materialization_tier(internal),mode=none; missing=reporting/environment; blocker=reporting/environment | missing_elements=baseline;artifact;instance_generator;data; tier(internal)=T4,No lockable auditable design (boundary); primary barrier mapped from recorded blocker.,true,artifact_internal_tier=T4 (supporting only; not a manuscript group),true,targeted_boundary,agree,agree,boundary decision consistent with source evidence,unchanged
ext_2110_00592v2_claim3,ext_2110_00592v2_claim3,2110.00592v2,relation_schema_rq1_flags.csv,true,auditable_non_exact,false,source_supported_extension,"auditable only via source-supported extension, not an exact proxy-free source comparison",diagnostic_or_extension_not_exact_source_comparison,baseline;artifact;instance_generator;data,artifact/screening_drop_78_materialization_boundary.csv | artifact/external_audit/materialization/materialization_tiers_76.csv,evidence_mode_if_auditable;missing_or_limiting_component;blocker_type;reason_not_exact | missing_elements;reason_for_tier;materialization_tier(internal),mode=source_supported_extension; missing=reporting/environment; blocker=reporting/environment | missing_elements=baseline;artifact;instance_generator;data; tier(internal)=T4,In manuscript 53 auditable designs (non-exact). Registry design_type=source_supported_extension.,true,artifact_internal_tier=T4 (supporting only; not a manuscript group),true,sampled_extension,agree,agree,extension design consistent with barrier source fields,unchanged
ext_2405_20173v2_claim2,ext_2405_20173v2_claim2,2405.20173v2,relation_schema_rq1_flags.csv,true,auditable_non_exact,false,source_supported_extension,"auditable only via source-supported extension, not an exact proxy-free source comparison",diagnostic_or_extension_not_exact_source_comparison,artifact;hyperparameters;instance_generator;optimizer;other;resource_budget,artifact/screening_drop_78_materialization_boundary.csv | artifact/external_audit/materialization/materialization_tiers_76.csv,evidence_mode_if_auditable;missing_or_limiting_component;blocker_type;reason_not_exact | missing_elements;reason_for_tier;materialization_tier(internal),mode=source_supported_extension; missing=source_rows; blocker=reporting | missing_elements=artifact;hyperparameters;instance_generator;optimizer;other;resource_budget; tier(internal)=T3,In manuscript 53 auditable designs (non-exact). Registry design_type=source_supported_extension.,true,artifact_internal_tier=T3 (supporting only; not a manuscript group),true,sampled_extension,agree,agree,extension design consistent with barrier source fields,unchanged
ext_2303_02830v1_claim1,ext_2303_02830v1_claim1,2303.02830v1,relation_schema_rq1_flags.csv,true,no_design_or_boundary,false,no_lockable_design,no lockable auditable design; earliest blocking missing-evidence element,timing_or_host_protocol_missing,artifact;baseline;hyperparameters;other,artifact/screening_drop_78_materialization_boundary.csv | artifact/external_audit/materialization/materialization_tiers_76.csv,evidence_mode_if_auditable;missing_or_limiting_component;blocker_type;reason_not_exact | missing_elements;reason_for_tier;materialization_tier(internal),mode=none; missing=environment; blocker=environment | missing_elements=artifact;baseline;hyperparameters;other; tier(internal)=T3,No lockable auditable design (boundary); primary barrier mapped from recorded blocker.,true,artifact_internal_tier=T3 (supporting only; not a manuscript group),true,targeted_boundary,agree,agree,boundary decision consistent with source evidence,unchanged
ext_2211_07685v3_claim1,ext_2211_07685v3_claim1,2211.07685v3,relation_schema_rq1_flags.csv,true,no_design_or_boundary,false,relation_specific_not_in_53,only a relation-specific source-rule design is lockable; excluded from manuscript 53 (exact+source-materialized+extension),relation_specific_source_rule_only,artifact;baseline;hyperparameters;other,artifact/screening_drop_78_materialization_boundary.csv | artifact/external_audit/materialization/materialization_tiers_76.csv,evidence_mode_if_auditable;missing_or_limiting_component;blocker_type;reason_not_exact | missing_elements;reason_for_tier;materialization_tier(internal),mode=relation_specific; missing=reporting; blocker=reporting | missing_elements=artifact;baseline;hyperparameters;other; tier(internal)=T3,"Relation-specific design mode; EXCLUDED from manuscript-facing 53 auditable designs (53 = exact + source-materialized + source-supported-extension only), so counted as no_design_or_boundary. 20 of 21 relation_specific land here; the 1 source-materialized SD claim is in auditable_non_exact.",true,artifact_internal_tier=T3 (supporting only; not a manuscript group),true,targeted_boundary,agree,agree,boundary decision consistent with source evidence,unchanged
ext_2211_07685v3_claim2,ext_2211_07685v3_claim2,2211.07685v3,relation_schema_rq1_flags.csv,true,no_design_or_boundary,false,relation_specific_not_in_53,only a relation-specific source-rule design is lockable; excluded from manuscript 53 (exact+source-materialized+extension),relation_specific_source_rule_only,artifact;baseline;hyperparameters;other,artifact/screening_drop_78_materialization_boundary.csv | artifact/external_audit/materialization/materialization_tiers_76.csv,evidence_mode_if_auditable;missing_or_limiting_component;blocker_type;reason_not_exact | missing_elements;reason_for_tier;materialization_tier(internal),mode=relation_specific; missing=reporting; blocker=reporting | missing_elements=artifact;baseline;hyperparameters;other; tier(internal)=T3,"Relation-specific design mode; EXCLUDED from manuscript-facing 53 auditable designs (53 = exact + source-materialized + source-supported-extension only), so counted as no_design_or_boundary. 20 of 21 relation_specific land here; the 1 source-materialized SD claim is in auditable_non_exact.",true,artifact_internal_tier=T3 (supporting only; not a manuscript group),true,targeted_boundary,agree,agree,boundary decision consistent with source evidence,unchanged
ext_2211_07685v3_claim3,ext_2211_07685v3_claim3,2211.07685v3,relation_schema_rq1_flags.csv,true,auditable_non_exact,false,source_supported_extension,"auditable only via source-supported extension, not an exact proxy-free source comparison",diagnostic_or_extension_not_exact_source_comparison,artifact;baseline;hyperparameters;other,artifact/screening_drop_78_materialization_boundary.csv | artifact/external_audit/materialization/materialization_tiers_76.csv,evidence_mode_if_auditable;missing_or_limiting_component;blocker_type;reason_not_exact | missing_elements;reason_for_tier;materialization_tier(internal),mode=source_supported_extension; missing=source_rows; blocker=env/needs-build | missing_elements=artifact;baseline;hyperparameters;other; tier(internal)=T3,In manuscript 53 auditable designs (non-exact). Registry design_type=source_supported_extension.,true,artifact_internal_tier=T3 (supporting only; not a manuscript group),true,sampled_extension,agree,agree,extension design consistent with barrier source fields,unchanged
ext_2211_07685v3_claim4,ext_2211_07685v3_claim4,2211.07685v3,relation_schema_rq1_flags.csv,true,no_design_or_boundary,false,relation_specific_not_in_53,only a relation-specific source-rule design is lockable; excluded from manuscript 53 (exact+source-materialized+extension),relation_specific_source_rule_only,artifact;baseline;hyperparameters;resource_budget,artifact/screening_drop_78_materialization_boundary.csv | artifact/external_audit/materialization/materialization_tiers_76.csv,evidence_mode_if_auditable;missing_or_limiting_component;blocker_type;reason_not_exact | missing_elements;reason_for_tier;materialization_tier(internal),mode=relation_specific; missing=env+methodology; blocker=env+methodology | missing_elements=artifact;baseline;hyperparameters;resource_budget; tier(internal)=T3,"Relation-specific design mode; EXCLUDED from manuscript-facing 53 auditable designs (53 = exact + source-materialized + source-supported-extension only), so counted as no_design_or_boundary. 20 of 21 relation_specific land here; the 1 source-materialized SD claim is in auditable_non_exact.",true,artifact_internal_tier=T3 (supporting only; not a manuscript group),true,targeted_boundary,agree,agree,boundary decision consistent with source evidence,unchanged
ext_2209_02669v3_claim1,ext_2209_02669v3_claim1,2209.02669v3,relation_schema_rq1_flags.csv,true,no_design_or_boundary,false,relation_specific_not_in_53,only a relation-specific source-rule design is lockable; excluded from manuscript 53 (exact+source-materialized+extension),relation_specific_source_rule_only,artifact;instance_generator;metric,artifact/screening_drop_78_materialization_boundary.csv | artifact/external_audit/materialization/materialization_tiers_76.csv,evidence_mode_if_auditable;missing_or_limiting_component;blocker_type;reason_not_exact | missing_elements;reason_for_tier;materialization_tier(internal),mode=relation_specific; missing=env+methodology; blocker=env+methodology | missing_elements=artifact;instance_generator;metric; tier(internal)=T3,"Relation-specific design mode; EXCLUDED from manuscript-facing 53 auditable designs (53 = exact + source-materialized + source-supported-extension only), so counted as no_design_or_boundary. 20 of 21 relation_specific land here; the 1 source-materialized SD claim is in auditable_non_exact.",true,artifact_internal_tier=T3 (supporting only; not a manuscript group),true,targeted_boundary,agree,agree,boundary decision consistent with source evidence,unchanged
ext_2209_02669v3_claim2,ext_2209_02669v3_claim2,2209.02669v3,relation_schema_rq1_flags.csv,true,no_design_or_boundary,false,relation_specific_not_in_53,only a relation-specific source-rule design is lockable; excluded from manuscript 53 (exact+source-materialized+extension),relation_specific_source_rule_only,artifact;instance_generator;metric,artifact/screening_drop_78_materialization_boundary.csv | artifact/external_audit/materialization/materialization_tiers_76.csv,evidence_mode_if_auditable;missing_or_limiting_component;blocker_type;reason_not_exact | missing_elements;reason_for_tier;materialization_tier(internal),mode=relation_specific; missing=env+methodology; blocker=env+methodology | missing_elements=artifact;instance_generator;metric; tier(internal)=T3,"Relation-specific design mode; EXCLUDED from manuscript-facing 53 auditable designs (53 = exact + source-materialized + source-supported-extension only), so counted as no_design_or_boundary. 20 of 21 relation_specific land here; the 1 source-materialized SD claim is in auditable_non_exact.",true,artifact_internal_tier=T3 (supporting only; not a manuscript group),true,targeted_boundary,agree,agree,boundary decision consistent with source evidence,unchanged
ext_2206_09938v2_claim2,ext_2206_09938v2_claim2,2206.09938v2,relation_schema_rq1_flags.csv,true,no_design_or_boundary,false,no_lockable_design,no lockable auditable design; earliest blocking missing-evidence element,other_source_specific_convention,artifact;baseline;hyperparameters;other,artifact/screening_drop_78_materialization_boundary.csv | artifact/external_audit/materialization/materialization_tiers_76.csv,evidence_mode_if_auditable;missing_or_limiting_component;blocker_type;reason_not_exact | missing_elements;reason_for_tier;materialization_tier(internal),mode=none; missing=reporting; blocker=reporting | missing_elements=artifact;baseline;hyperparameters;other; tier(internal)=T3,No lockable auditable design (boundary); primary barrier mapped from recorded blocker.,true,artifact_internal_tier=T3 (supporting only; not a manuscript group),true,targeted_boundary,agree,agree,boundary decision consistent with source evidence,unchanged
ext_2308_01789v1_claim1,ext_2308_01789v1_claim1,2308.01789v1,relation_schema_rq1_flags.csv,true,auditable_non_exact,false,source_supported_extension,"auditable only via source-supported extension, not an exact proxy-free source comparison",diagnostic_or_extension_not_exact_source_comparison,artifact;hyperparameters;instance_generator;optimizer;other;resource_budget,artifact/screening_drop_78_materialization_boundary.csv | artifact/external_audit/materialization/materialization_tiers_76.csv,evidence_mode_if_auditable;missing_or_limiting_component;blocker_type;reason_not_exact | missing_elements;reason_for_tier;materialization_tier(internal),mode=source_supported_extension; missing=source_rows; blocker=env/needs-build | missing_elements=artifact;hyperparameters;instance_generator;optimizer;other;resource_budget; tier(internal)=T3,In manuscript 53 auditable designs (non-exact). Registry design_type=source_supported_extension.,true,artifact_internal_tier=T3 (supporting only; not a manuscript group),false,not_checked,not_checked,not_checked,,not_checked
ext_2308_01789v1_claim2,ext_2308_01789v1_claim2,2308.01789v1,relation_schema_rq1_flags.csv,true,auditable_non_exact,false,source_supported_extension,"auditable only via source-supported extension, not an exact proxy-free source comparison",diagnostic_or_extension_not_exact_source_comparison,artifact;hyperparameters;instance_generator;optimizer;other;resource_budget,artifact/screening_drop_78_materialization_boundary.csv | artifact/external_audit/materialization/materialization_tiers_76.csv,evidence_mode_if_auditable;missing_or_limiting_component;blocker_type;reason_not_exact | missing_elements;reason_for_tier;materialization_tier(internal),mode=source_supported_extension; missing=source_rows; blocker=env/needs-build | missing_elements=artifact;hyperparameters;instance_generator;optimizer;other;resource_budget; tier(internal)=T3,In manuscript 53 auditable designs (non-exact). Registry design_type=source_supported_extension.,true,artifact_internal_tier=T3 (supporting only; not a manuscript group),false,not_checked,not_checked,not_checked,,not_checked
ext_2206_06684v1_claim1,ext_2206_06684v1_claim1,2206.06684v1,relation_schema_rq1_flags.csv,true,no_design_or_boundary,false,relation_specific_not_in_53,only a relation-specific source-rule design is lockable; excluded from manuscript 53 (exact+source-materialized+extension),relation_specific_source_rule_only,artifact;baseline;hyperparameters;resource_budget,artifact/screening_drop_78_materialization_boundary.csv | artifact/external_audit/materialization/materialization_tiers_76.csv,evidence_mode_if_auditable;missing_or_limiting_component;blocker_type;reason_not_exact | missing_elements;reason_for_tier;materialization_tier(internal),mode=relation_specific; missing=runtime_environment; blocker=environment | missing_elements=artifact;baseline;hyperparameters;resource_budget; tier(internal)=T3,"Relation-specific design mode; EXCLUDED from manuscript-facing 53 auditable designs (53 = exact + source-materialized + source-supported-extension only), so counted as no_design_or_boundary. 20 of 21 relation_specific land here; the 1 source-materialized SD claim is in auditable_non_exact.",true,artifact_internal_tier=T3 (supporting only; not a manuscript group),true,targeted_boundary,agree,agree,boundary decision consistent with source evidence,unchanged
ext_2206_06684v1_claim2,ext_2206_06684v1_claim2,2206.06684v1,relation_schema_rq1_flags.csv,true,auditable_non_exact,false,source_supported_extension,"auditable only via source-supported extension, not an exact proxy-free source comparison",diagnostic_or_extension_not_exact_source_comparison,artifact;baseline;hyperparameters,artifact/screening_drop_78_materialization_boundary.csv | artifact/external_audit/materialization/materialization_tiers_76.csv,evidence_mode_if_auditable;missing_or_limiting_component;blocker_type;reason_not_exact | missing_elements;reason_for_tier;materialization_tier(internal),mode=source_supported_extension; missing=source_rows; blocker=env/needs-build | missing_elements=artifact;baseline;hyperparameters; tier(internal)=T3,In manuscript 53 auditable designs (non-exact). Registry design_type=source_supported_extension.,true,artifact_internal_tier=T3 (supporting only; not a manuscript group),false,not_checked,not_checked,not_checked,,not_checked
ext_2112_03199v4_claim2,ext_2112_03199v4_claim2,2112.03199v4,relation_schema_rq1_flags.csv,true,no_design_or_boundary,false,relation_specific_not_in_53,only a relation-specific source-rule design is lockable; excluded from manuscript 53 (exact+source-materialized+extension),relation_specific_source_rule_only,artifact;hyperparameters;instance_generator;optimizer;resource_budget,artifact/screening_drop_78_materialization_boundary.csv | artifact/external_audit/materialization/materialization_tiers_76.csv,evidence_mode_if_auditable;missing_or_limiting_component;blocker_type;reason_not_exact | missing_elements;reason_for_tier;materialization_tier(internal),mode=relation_specific; missing=runtime_environment; blocker=environment | missing_elements=artifact;hyperparameters;instance_generator;optimizer;resource_budget; tier(internal)=T3,"Relation-specific design mode; EXCLUDED from manuscript-facing 53 auditable designs (53 = exact + source-materialized + source-supported-extension only), so counted as no_design_or_boundary. 20 of 21 relation_specific land here; the 1 source-materialized SD claim is in auditable_non_exact.",true,artifact_internal_tier=T3 (supporting only; not a manuscript group),true,targeted_boundary,agree,agree,boundary decision consistent with source evidence,unchanged
ext_2011_12191v4_claim1,ext_2011_12191v4_claim1,2011.12191v4,relation_schema_rq1_flags.csv,true,auditable_non_exact,false,source_supported_extension,"auditable only via source-supported extension, not an exact proxy-free source comparison",diagnostic_or_extension_not_exact_source_comparison,artifact;baseline;hyperparameters;other,artifact/screening_drop_78_materialization_boundary.csv | artifact/external_audit/materialization/materialization_tiers_76.csv,evidence_mode_if_auditable;missing_or_limiting_component;blocker_type;reason_not_exact | missing_elements;reason_for_tier;materialization_tier(internal),mode=source_supported_extension; missing=baseline_implementation; blocker=evidence-boundary | missing_elements=artifact;baseline;hyperparameters;other; tier(internal)=T3,In manuscript 53 auditable designs (non-exact). Registry design_type=source_supported_extension.,true,artifact_internal_tier=T3 (supporting only; not a manuscript group),false,not_checked,not_checked,not_checked,,not_checked
ext_2011_12191v4_claim2,ext_2011_12191v4_claim2,2011.12191v4,relation_schema_rq1_flags.csv,true,auditable_non_exact,false,source_supported_extension,"auditable only via source-supported extension, not an exact proxy-free source comparison",diagnostic_or_extension_not_exact_source_comparison,artifact;baseline;hyperparameters;other,artifact/screening_drop_78_materialization_boundary.csv | artifact/external_audit/materialization/materialization_tiers_76.csv,evidence_mode_if_auditable;missing_or_limiting_component;blocker_type;reason_not_exact | missing_elements;reason_for_tier;materialization_tier(internal),mode=source_supported_extension; missing=reporting; blocker=reporting | missing_elements=artifact;baseline;hyperparameters;other; tier(internal)=T3,In manuscript 53 auditable designs (non-exact). Registry design_type=source_supported_extension.,true,artifact_internal_tier=T3 (supporting only; not a manuscript group),false,not_checked,not_checked,not_checked,,not_checked
ext_2011_12191v4_claim5,ext_2011_12191v4_claim5,2011.12191v4,relation_schema_rq1_flags.csv,true,auditable_non_exact,false,source_supported_extension,"auditable only via source-supported extension, not an exact proxy-free source comparison",diagnostic_or_extension_not_exact_source_comparison,artifact;baseline;hyperparameters;other,artifact/screening_drop_78_materialization_boundary.csv | artifact/external_audit/materialization/materialization_tiers_76.csv,evidence_mode_if_auditable;missing_or_limiting_component;blocker_type;reason_not_exact | missing_elements;reason_for_tier;materialization_tier(internal),mode=source_supported_extension; missing=baseline_implementation; blocker=evidence-boundary | missing_elements=artifact;baseline;hyperparameters;other; tier(internal)=T3,In manuscript 53 auditable designs (non-exact). Registry design_type=source_supported_extension.,true,artifact_internal_tier=T3 (supporting only; not a manuscript group),false,not_checked,not_checked,not_checked,,not_checked
ext_2007_15671v1_claim2,ext_2007_15671v1_claim2,2007.15671v1,relation_schema_rq1_flags.csv,true,auditable_non_exact,false,source_materialized,"auditable from source-reported rows (source-materialized), not an independently re-executable proxy-free matched-cell card",missing_matched_ab_evidence_or_source_data,artifact;baseline;data,artifact/screening_drop_78_materialization_boundary.csv | artifact/external_audit/materialization/materialization_tiers_76.csv,evidence_mode_if_auditable;missing_or_limiting_component;blocker_type;reason_not_exact | missing_elements;reason_for_tier;materialization_tier(internal),mode=source_supported_extension; missing=methodology+reporting; blocker=methodology+reporting | missing_elements=artifact;baseline;data; tier(internal)=T4,In manuscript 53 auditable designs (non-exact). auditable_design_inventory materialization_tier=source-materialized (SD source-row design); drop78 mode=source_supported_extension reclassified to auditable_non_exact per the manuscript 53 definition.,true,artifact_internal_tier=T4 (supporting only; not a manuscript group),true,targeted_boundary,agree,agree,source-materialized; consistent with source-reported rows,unchanged
ext_2007_15671v1_claim3,ext_2007_15671v1_claim3,2007.15671v1,relation_schema_rq1_flags.csv,true,no_design_or_boundary,false,relation_specific_not_in_53,only a relation-specific source-rule design is lockable; excluded from manuscript 53 (exact+source-materialized+extension),relation_specific_source_rule_only,artifact;baseline;data;metric,artifact/screening_drop_78_materialization_boundary.csv | artifact/external_audit/materialization/materialization_tiers_76.csv,evidence_mode_if_auditable;missing_or_limiting_component;blocker_type;reason_not_exact | missing_elements;reason_for_tier;materialization_tier(internal),mode=relation_specific; missing=env+methodology; blocker=env+methodology | missing_elements=artifact;baseline;data;metric; tier(internal)=T4,"Relation-specific design mode; EXCLUDED from manuscript-facing 53 auditable designs (53 = exact + source-materialized + source-supported-extension only), so counted as no_design_or_boundary. 20 of 21 relation_specific land here; the 1 source-materialized SD claim is in auditable_non_exact.",true,artifact_internal_tier=T4 (supporting only; not a manuscript group),true,targeted_boundary,agree,agree,boundary decision consistent with source evidence,unchanged
ext_2007_15671v1_claim4,ext_2007_15671v1_claim4,2007.15671v1,relation_schema_rq1_flags.csv,true,auditable_non_exact,false,source_materialized,"auditable from source-reported rows (source-materialized), not an independently re-executable proxy-free matched-cell card",missing_matched_ab_evidence_or_source_data,artifact;baseline;data,artifact/screening_drop_78_materialization_boundary.csv | artifact/external_audit/materialization/materialization_tiers_76.csv,evidence_mode_if_auditable;missing_or_limiting_component;blocker_type;reason_not_exact | missing_elements;reason_for_tier;materialization_tier(internal),mode=relation_specific; missing=methodology(reconstructed); blocker=methodology(reconstructed) | missing_elements=artifact;baseline;data; tier(internal)=T4,In manuscript 53 auditable designs (non-exact). auditable_design_inventory materialization_tier=source-materialized (SD source-row design); drop78 mode=relation_specific reclassified to auditable_non_exact per the manuscript 53 definition.,true,artifact_internal_tier=T4 (supporting only; not a manuscript group),true,targeted_boundary,agree,agree,source-materialized; consistent with source-reported rows,unchanged
ext_2309_05157v1_claim1,ext_2309_05157v1_claim1,2309.05157v1,relation_schema_rq1_flags.csv,true,no_design_or_boundary,false,relation_specific_not_in_53,only a relation-specific source-rule design is lockable; excluded from manuscript 53 (exact+source-materialized+extension),relation_specific_source_rule_only,artifact;baseline;data;metric,artifact/screening_drop_78_materialization_boundary.csv | artifact/external_audit/materialization/materialization_tiers_76.csv,evidence_mode_if_auditable;missing_or_limiting_component;blocker_type;reason_not_exact | missing_elements;reason_for_tier;materialization_tier(internal),mode=relation_specific; missing=env+methodology; blocker=env+methodology | missing_elements=artifact;baseline;data;metric; tier(internal)=T4,"Relation-specific design mode; EXCLUDED from manuscript-facing 53 auditable designs (53 = exact + source-materialized + source-supported-extension only), so counted as no_design_or_boundary. 20 of 21 relation_specific land here; the 1 source-materialized SD claim is in auditable_non_exact.",true,artifact_internal_tier=T4 (supporting only; not a manuscript group),true,targeted_boundary,agree,agree,boundary decision consistent with source evidence,unchanged
ext_2309_05157v1_claim2,ext_2309_05157v1_claim2,2309.05157v1,relation_schema_rq1_flags.csv,true,no_design_or_boundary,false,relation_specific_not_in_53,only a relation-specific source-rule design is lockable; excluded from manuscript 53 (exact+source-materialized+extension),relation_specific_source_rule_only,artifact;baseline;data,artifact/screening_drop_78_materialization_boundary.csv | artifact/external_audit/materialization/materialization_tiers_76.csv,evidence_mode_if_auditable;missing_or_limiting_component;blocker_type;reason_not_exact | missing_elements;reason_for_tier;materialization_tier(internal),mode=relation_specific; missing=env+methodology; blocker=env+methodology | missing_elements=artifact;baseline;data; tier(internal)=T4,"Relation-specific design mode; EXCLUDED from manuscript-facing 53 auditable designs (53 = exact + source-materialized + source-supported-extension only), so counted as no_design_or_boundary. 20 of 21 relation_specific land here; the 1 source-materialized SD claim is in auditable_non_exact.",true,artifact_internal_tier=T4 (supporting only; not a manuscript group),true,targeted_boundary,agree,agree,boundary decision consistent with source evidence,unchanged
ext_2410_04030v1_claim1,ext_2410_04030v1_claim1,2410.04030v1,relation_schema_rq1_flags.csv,true,auditable_non_exact,false,source_supported_extension,"auditable only via source-supported extension, not an exact proxy-free source comparison",diagnostic_or_extension_not_exact_source_comparison,artifact;hyperparameters;instance_generator;optimizer;other;resource_budget,artifact/screening_drop_78_materialization_boundary.csv | artifact/external_audit/materialization/materialization_tiers_76.csv,evidence_mode_if_auditable;missing_or_limiting_component;blocker_type;reason_not_exact | missing_elements;reason_for_tier;materialization_tier(internal),mode=source_supported_extension; missing=source_rows; blocker=env/needs-build | missing_elements=artifact;hyperparameters;instance_generator;optimizer;other;resource_budget; tier(internal)=T3,In manuscript 53 auditable designs (non-exact). Registry design_type=source_supported_extension.,true,artifact_internal_tier=T3 (supporting only; not a manuscript group),false,not_checked,not_checked,not_checked,,not_checked
ext_2410_04030v1_claim2,ext_2410_04030v1_claim2,2410.04030v1,relation_schema_rq1_flags.csv,true,auditable_non_exact,false,source_supported_extension,"auditable only via source-supported extension, not an exact proxy-free source comparison",diagnostic_or_extension_not_exact_source_comparison,artifact;hyperparameters;instance_generator;optimizer;resource_budget,artifact/screening_drop_78_materialization_boundary.csv | artifact/external_audit/materialization/materialization_tiers_76.csv,evidence_mode_if_auditable;missing_or_limiting_component;blocker_type;reason_not_exact | missing_elements;reason_for_tier;materialization_tier(internal),mode=source_supported_extension; missing=relation; blocker=env/needs-build | missing_elements=artifact;hyperparameters;instance_generator;optimizer;resource_budget; tier(internal)=T3,In manuscript 53 auditable designs (non-exact). Registry design_type=source_supported_extension.,true,artifact_internal_tier=T3 (supporting only; not a manuscript group),false,not_checked,not_checked,not_checked,,not_checked
ext_2405_09169v3_claim1,ext_2405_09169v3_claim1,2405.09169v3,relation_schema_rq1_flags.csv,true,auditable_non_exact,false,source_supported_extension,"auditable only via source-supported extension, not an exact proxy-free source comparison",diagnostic_or_extension_not_exact_source_comparison,artifact;baseline;hyperparameters;resource_budget,artifact/screening_drop_78_materialization_boundary.csv | artifact/external_audit/materialization/materialization_tiers_76.csv,evidence_mode_if_auditable;missing_or_limiting_component;blocker_type;reason_not_exact | missing_elements;reason_for_tier;materialization_tier(internal),mode=source_supported_extension; missing=relation; blocker=env/needs-build | missing_elements=artifact;baseline;hyperparameters;resource_budget; tier(internal)=T3,In manuscript 53 auditable designs (non-exact). Registry design_type=source_supported_extension.,true,artifact_internal_tier=T3 (supporting only; not a manuscript group),false,not_checked,not_checked,not_checked,,not_checked
ext_2405_09169v3_claim3,ext_2405_09169v3_claim3,2405.09169v3,relation_schema_rq1_flags.csv,true,auditable_non_exact,false,source_supported_extension,"auditable only via source-supported extension, not an exact proxy-free source comparison",diagnostic_or_extension_not_exact_source_comparison,artifact;baseline;hyperparameters;resource_budget,artifact/screening_drop_78_materialization_boundary.csv | artifact/external_audit/materialization/materialization_tiers_76.csv,evidence_mode_if_auditable;missing_or_limiting_component;blocker_type;reason_not_exact | missing_elements;reason_for_tier;materialization_tier(internal),mode=source_supported_extension; missing=source_rows; blocker=env/needs-build | missing_elements=artifact;baseline;hyperparameters;resource_budget; tier(internal)=T3,In manuscript 53 auditable designs (non-exact). Registry design_type=source_supported_extension.,true,artifact_internal_tier=T3 (supporting only; not a manuscript group),false,not_checked,not_checked,not_checked,,not_checked
ext_2301_00520v2_claim3,ext_2301_00520v2_claim3,2301.00520v2,relation_schema_rq1_flags.csv,true,auditable_non_exact,false,source_supported_extension,"auditable only via source-supported extension, not an exact proxy-free source comparison",diagnostic_or_extension_not_exact_source_comparison,artifact;hyperparameters;instance_generator;optimizer;resource_budget,artifact/screening_drop_78_materialization_boundary.csv | artifact/external_audit/materialization/materialization_tiers_76.csv,evidence_mode_if_auditable;missing_or_limiting_component;blocker_type;reason_not_exact | missing_elements;reason_for_tier;materialization_tier(internal),mode=source_supported_extension; missing=relation; blocker=env/needs-build | missing_elements=artifact;hyperparameters;instance_generator;optimizer;resource_budget; tier(internal)=T3,In manuscript 53 auditable designs (non-exact). Registry design_type=source_supported_extension.,true,artifact_internal_tier=T3 (supporting only; not a manuscript group),false,not_checked,not_checked,not_checked,,not_checked
ext_2409_08844v2_claim1,ext_2409_08844v2_claim1,2409.08844v2,relation_schema_rq1_flags.csv,true,proxy_free_exact,true,exact,none,none,none,artifact/screening_drop_78_materialization_boundary.csv,exact_proxy_free_yes_no,yes (EX-C Tier-1 proxy-free scoped S/U/R card),screening_drop_78 exact_proxy_free_yes_no=yes; EX-C Tier-1 proxy-free scoped S/U/R card.,true,,false,not_checked,not_checked,not_checked,,not_checked
ext_2409_08844v2_claim3,ext_2409_08844v2_claim3,2409.08844v2,relation_schema_rq1_flags.csv,true,proxy_free_exact,true,exact,none,none,none,artifact/screening_drop_78_materialization_boundary.csv,exact_proxy_free_yes_no,yes (EX-C Tier-1 proxy-free scoped S/U/R card),screening_drop_78 exact_proxy_free_yes_no=yes; EX-C Tier-1 proxy-free scoped S/U/R card.,true,,false,not_checked,not_checked,not_checked,,not_checked
ext_2409_08844v2_claim4,ext_2409_08844v2_claim4,2409.08844v2,relation_schema_rq1_flags.csv,true,proxy_free_exact,true,exact,none,none,none,artifact/screening_drop_78_materialization_boundary.csv,exact_proxy_free_yes_no,yes (EX-C Tier-1 proxy-free scoped S/U/R card),screening_drop_78 exact_proxy_free_yes_no=yes; EX-C Tier-1 proxy-free scoped S/U/R card.,true,,false,not_checked,not_checked,not_checked,,not_checked
ext_2409_08844v2_claim6,ext_2409_08844v2_claim6,2409.08844v2,relation_schema_rq1_flags.csv,true,no_design_or_boundary,false,relation_specific_not_in_53,only a relation-specific source-rule design is lockable; excluded from manuscript 53 (exact+source-materialized+extension),relation_specific_source_rule_only,artifact;hyperparameters;instance_generator;optimizer;resource_budget,artifact/screening_drop_78_materialization_boundary.csv | artifact/external_audit/materialization/materialization_tiers_76.csv,evidence_mode_if_auditable;missing_or_limiting_component;blocker_type;reason_not_exact | missing_elements;reason_for_tier;materialization_tier(internal),mode=relation_specific; missing=runtime_environment; blocker=environment | missing_elements=artifact;hyperparameters;instance_generator;optimizer;resource_budget; tier(internal)=T3,"Relation-specific design mode; EXCLUDED from manuscript-facing 53 auditable designs (53 = exact + source-materialized + source-supported-extension only), so counted as no_design_or_boundary. 20 of 21 relation_specific land here; the 1 source-materialized SD claim is in auditable_non_exact.",true,artifact_internal_tier=T3 (supporting only; not a manuscript group),true,targeted_boundary,agree,agree,boundary decision consistent with source evidence,unchanged
ext_2403_02045v3_claim1,ext_2403_02045v3_claim1,2403.02045v3,relation_schema_rq1_flags.csv,true,auditable_non_exact,false,source_supported_extension,"auditable only via source-supported extension, not an exact proxy-free source comparison",diagnostic_or_extension_not_exact_source_comparison,artifact;baseline;hyperparameters,artifact/screening_drop_78_materialization_boundary.csv | artifact/external_audit/materialization/materialization_tiers_76.csv,evidence_mode_if_auditable;missing_or_limiting_component;blocker_type;reason_not_exact | missing_elements;reason_for_tier;materialization_tier(internal),mode=source_supported_extension; missing=relation; blocker=env/needs-build | missing_elements=artifact;baseline;hyperparameters; tier(internal)=T3,In manuscript 53 auditable designs (non-exact). Registry design_type=source_supported_extension.,true,artifact_internal_tier=T3 (supporting only; not a manuscript group),false,not_checked,not_checked,not_checked,,not_checked
ext_2401_02852v1_claim2,ext_2401_02852v1_claim2,2401.02852v1,relation_schema_rq1_flags.csv,true,auditable_non_exact,false,source_supported_extension,"auditable only via source-supported extension, not an exact proxy-free source comparison",diagnostic_or_extension_not_exact_source_comparison,artifact;baseline;hyperparameters;resource_budget,artifact/screening_drop_78_materialization_boundary.csv | artifact/external_audit/materialization/materialization_tiers_76.csv,evidence_mode_if_auditable;missing_or_limiting_component;blocker_type;reason_not_exact | missing_elements;reason_for_tier;materialization_tier(internal),mode=source_supported_extension; missing=relation; blocker=env/needs-build | missing_elements=artifact;baseline;hyperparameters;resource_budget; tier(internal)=T3,In manuscript 53 auditable designs (non-exact). Registry design_type=source_supported_extension.,true,artifact_internal_tier=T3 (supporting only; not a manuscript group),false,not_checked,not_checked,not_checked,,not_checked
ext_2308_10383v2_claim4,ext_2308_10383v2_claim4,2308.10383v2,relation_schema_rq1_flags.csv,true,auditable_non_exact,false,source_supported_extension,"auditable only via source-supported extension, not an exact proxy-free source comparison",diagnostic_or_extension_not_exact_source_comparison,artifact;baseline;hyperparameters,artifact/screening_drop_78_materialization_boundary.csv | artifact/external_audit/materialization/materialization_tiers_76.csv,evidence_mode_if_auditable;missing_or_limiting_component;blocker_type;reason_not_exact | missing_elements;reason_for_tier;materialization_tier(internal),mode=source_supported_extension; missing=source_rows; blocker=env/needs-build | missing_elements=artifact;baseline;hyperparameters; tier(internal)=T3,In manuscript 53 auditable designs (non-exact). Registry design_type=source_supported_extension.,true,artifact_internal_tier=T3 (supporting only; not a manuscript group),false,not_checked,not_checked,not_checked,,not_checked
ext_2302_04479v2_claim1,ext_2302_04479v2_claim1,2302.04479v2,relation_schema_rq1_flags.csv,true,auditable_non_exact,false,source_supported_extension,"auditable only via source-supported extension, not an exact proxy-free source comparison",diagnostic_or_extension_not_exact_source_comparison,data;artifact;baseline;optimizer;hyperparameters,artifact/screening_drop_78_materialization_boundary.csv | artifact/external_audit/materialization/materialization_tiers_76.csv,evidence_mode_if_auditable;missing_or_limiting_component;blocker_type;reason_not_exact | missing_elements;reason_for_tier;materialization_tier(internal),mode=source_supported_extension; missing=relation; blocker=env/needs-build | missing_elements=data;artifact;baseline;optimizer;hyperparameters; tier(internal)=T3,In manuscript 53 auditable designs (non-exact). Registry design_type=source_supported_extension.,true,artifact_internal_tier=T3 (supporting only; not a manuscript group),false,not_checked,not_checked,not_checked,,not_checked
ext_2302_04479v2_claim2,ext_2302_04479v2_claim2,2302.04479v2,relation_schema_rq1_flags.csv,true,auditable_non_exact,false,source_supported_extension,"auditable only via source-supported extension, not an exact proxy-free source comparison",diagnostic_or_extension_not_exact_source_comparison,artifact;baseline;hyperparameters,artifact/screening_drop_78_materialization_boundary.csv | artifact/external_audit/materialization/materialization_tiers_76.csv,evidence_mode_if_auditable;missing_or_limiting_component;blocker_type;reason_not_exact | missing_elements;reason_for_tier;materialization_tier(internal),mode=source_supported_extension; missing=relation; blocker=env/needs-build | missing_elements=artifact;baseline;hyperparameters; tier(internal)=T3,In manuscript 53 auditable designs (non-exact). Registry design_type=source_supported_extension.,true,artifact_internal_tier=T3 (supporting only; not a manuscript group),false,not_checked,not_checked,not_checked,,not_checked
ext_2302_04479v2_claim3,ext_2302_04479v2_claim3,2302.04479v2,relation_schema_rq1_flags.csv,true,auditable_non_exact,false,source_supported_extension,"auditable only via source-supported extension, not an exact proxy-free source comparison",diagnostic_or_extension_not_exact_source_comparison,data;artifact;baseline;optimizer;hyperparameters,artifact/screening_drop_78_materialization_boundary.csv | artifact/external_audit/materialization/materialization_tiers_76.csv,evidence_mode_if_auditable;missing_or_limiting_component;blocker_type;reason_not_exact | missing_elements;reason_for_tier;materialization_tier(internal),mode=source_supported_extension; missing=relation; blocker=env/needs-build | missing_elements=data;artifact;baseline;optimizer;hyperparameters; tier(internal)=T3,In manuscript 53 auditable designs (non-exact). Registry design_type=source_supported_extension.,true,artifact_internal_tier=T3 (supporting only; not a manuscript group),false,not_checked,not_checked,not_checked,,not_checked
ext_2111_03016v3_claim3,ext_2111_03016v3_claim3,2111.03016v3,relation_schema_rq1_flags.csv,true,auditable_non_exact,false,source_supported_extension,"auditable only via source-supported extension, not an exact proxy-free source comparison",diagnostic_or_extension_not_exact_source_comparison,artifact;hyperparameters;instance_generator;optimizer;resource_budget,artifact/screening_drop_78_materialization_boundary.csv | artifact/external_audit/materialization/materialization_tiers_76.csv,evidence_mode_if_auditable;missing_or_limiting_component;blocker_type;reason_not_exact | missing_elements;reason_for_tier;materialization_tier(internal),mode=source_supported_extension; missing=relation; blocker=env/needs-build | missing_elements=artifact;hyperparameters;instance_generator;optimizer;resource_budget; tier(internal)=T3,In manuscript 53 auditable designs (non-exact). Registry design_type=source_supported_extension.,true,artifact_internal_tier=T3 (supporting only; not a manuscript group),false,not_checked,not_checked,not_checked,,not_checked
ext_2309_04754v1_claim1,ext_2309_04754v1_claim1,2309.04754v1,relation_schema_rq1_flags.csv,true,auditable_non_exact,false,source_supported_extension,"auditable only via source-supported extension, not an exact proxy-free source comparison",diagnostic_or_extension_not_exact_source_comparison,artifact;baseline;hyperparameters;other,artifact/screening_drop_78_materialization_boundary.csv | artifact/external_audit/materialization/materialization_tiers_76.csv,evidence_mode_if_auditable;missing_or_limiting_component;blocker_type;reason_not_exact | missing_elements;reason_for_tier;materialization_tier(internal),mode=source_supported_extension; missing=source_rows; blocker=env/needs-build | missing_elements=artifact;baseline;hyperparameters;other; tier(internal)=T3,In manuscript 53 auditable designs (non-exact). Registry design_type=source_supported_extension.,true,artifact_internal_tier=T3 (supporting only; not a manuscript group),false,not_checked,not_checked,not_checked,,not_checked
ext_2306_02024v1_claim1,ext_2306_02024v1_claim1,2306.02024v1,relation_schema_rq1_flags.csv,true,auditable_non_exact,false,source_supported_extension,"auditable only via source-supported extension, not an exact proxy-free source comparison",diagnostic_or_extension_not_exact_source_comparison,artifact;baseline;hyperparameters,artifact/screening_drop_78_materialization_boundary.csv | artifact/external_audit/materialization/materialization_tiers_76.csv,evidence_mode_if_auditable;missing_or_limiting_component;blocker_type;reason_not_exact | missing_elements;reason_for_tier;materialization_tier(internal),mode=source_supported_extension; missing=relation; blocker=env/needs-build | missing_elements=artifact;baseline;hyperparameters; tier(internal)=T3,In manuscript 53 auditable designs (non-exact). Registry design_type=source_supported_extension.,true,artifact_internal_tier=T3 (supporting only; not a manuscript group),false,not_checked,not_checked,not_checked,,not_checked
ext_2205_01726v1_claim5,ext_2205_01726v1_claim5,2205.01726v1,relation_schema_rq1_flags.csv,true,auditable_non_exact,false,source_supported_extension,"auditable only via source-supported extension, not an exact proxy-free source comparison",diagnostic_or_extension_not_exact_source_comparison,artifact;baseline;hyperparameters,artifact/screening_drop_78_materialization_boundary.csv | artifact/external_audit/materialization/materialization_tiers_76.csv,evidence_mode_if_auditable;missing_or_limiting_component;blocker_type;reason_not_exact | missing_elements;reason_for_tier;materialization_tier(internal),mode=source_supported_extension; missing=source_rows; blocker=env/needs-build | missing_elements=artifact;baseline;hyperparameters; tier(internal)=T3,In manuscript 53 auditable designs (non-exact). Registry design_type=source_supported_extension.,true,artifact_internal_tier=T3 (supporting only; not a manuscript group),false,not_checked,not_checked,not_checked,,not_checked
ext_2107_08606v3_claim2,ext_2107_08606v3_claim2,2107.08606v3,relation_schema_rq1_flags.csv,true,no_design_or_boundary,false,relation_specific_not_in_53,only a relation-specific source-rule design is lockable; excluded from manuscript 53 (exact+source-materialized+extension),relation_specific_source_rule_only,artifact;hyperparameters;instance_generator;optimizer;resource_budget,artifact/screening_drop_78_materialization_boundary.csv | artifact/external_audit/materialization/materialization_tiers_76.csv,evidence_mode_if_auditable;missing_or_limiting_component;blocker_type;reason_not_exact | missing_elements;reason_for_tier;materialization_tier(internal),mode=relation_specific; missing=runtime_environment; blocker=environment | missing_elements=artifact;hyperparameters;instance_generator;optimizer;resource_budget; tier(internal)=T3,"Relation-specific design mode; EXCLUDED from manuscript-facing 53 auditable designs (53 = exact + source-materialized + source-supported-extension only), so counted as no_design_or_boundary. 20 of 21 relation_specific land here; the 1 source-materialized SD claim is in auditable_non_exact.",true,artifact_internal_tier=T3 (supporting only; not a manuscript group),true,targeted_boundary,agree,agree,boundary decision consistent with source evidence,unchanged
ext_2102_00345v2_claim1,ext_2102_00345v2_claim1,2102.00345v2,relation_schema_rq1_flags.csv,true,auditable_non_exact,false,source_supported_extension,"auditable only via source-supported extension, not an exact proxy-free source comparison",diagnostic_or_extension_not_exact_source_comparison,artifact;baseline;hyperparameters;other,artifact/screening_drop_78_materialization_boundary.csv | artifact/external_audit/materialization/materialization_tiers_76.csv,evidence_mode_if_auditable;missing_or_limiting_component;blocker_type;reason_not_exact | missing_elements;reason_for_tier;materialization_tier(internal),mode=source_supported_extension; missing=relation; blocker=env/needs-build | missing_elements=artifact;baseline;hyperparameters;other; tier(internal)=T3,In manuscript 53 auditable designs (non-exact). Registry design_type=source_supported_extension.,true,artifact_internal_tier=T3 (supporting only; not a manuscript group),false,not_checked,not_checked,not_checked,,not_checked
ext_2011_08137v3_claim2,ext_2011_08137v3_claim2,2011.08137v3,relation_schema_rq1_flags.csv,true,auditable_non_exact,false,source_supported_extension,"auditable only via source-supported extension, not an exact proxy-free source comparison",diagnostic_or_extension_not_exact_source_comparison,artifact;hyperparameters;instance_generator;optimizer;resource_budget,artifact/screening_drop_78_materialization_boundary.csv | artifact/external_audit/materialization/materialization_tiers_76.csv,evidence_mode_if_auditable;missing_or_limiting_component;blocker_type;reason_not_exact | missing_elements;reason_for_tier;materialization_tier(internal),mode=source_supported_extension; missing=relation; blocker=env/needs-build | missing_elements=artifact;hyperparameters;instance_generator;optimizer;resource_budget; tier(internal)=T3,In manuscript 53 auditable designs (non-exact). Registry design_type=source_supported_extension.,true,artifact_internal_tier=T3 (supporting only; not a manuscript group),false,not_checked,not_checked,not_checked,,not_checked
ext_2011_08137v3_claim4,ext_2011_08137v3_claim4,2011.08137v3,relation_schema_rq1_flags.csv,true,auditable_non_exact,false,source_supported_extension,"auditable only via source-supported extension, not an exact proxy-free source comparison",diagnostic_or_extension_not_exact_source_comparison,artifact;hyperparameters;instance_generator;metric;optimizer;resource_budget,artifact/screening_drop_78_materialization_boundary.csv | artifact/external_audit/materialization/materialization_tiers_76.csv,evidence_mode_if_auditable;missing_or_limiting_component;blocker_type;reason_not_exact | missing_elements;reason_for_tier;materialization_tier(internal),mode=source_supported_extension; missing=relation; blocker=env/needs-build | missing_elements=artifact;hyperparameters;instance_generator;metric;optimizer;resource_budget; tier(internal)=T3,In manuscript 53 auditable designs (non-exact). Registry design_type=source_supported_extension.,true,artifact_internal_tier=T3 (supporting only; not a manuscript group),false,not_checked,not_checked,not_checked,,not_checked
ext_2009_13545v3_claim3,ext_2009_13545v3_claim3,2009.13545v3,relation_schema_rq1_flags.csv,true,no_design_or_boundary,false,relation_specific_not_in_53,only a relation-specific source-rule design is lockable; excluded from manuscript 53 (exact+source-materialized+extension),relation_specific_source_rule_only,artifact;baseline;hyperparameters,artifact/screening_drop_78_materialization_boundary.csv | artifact/external_audit/materialization/materialization_tiers_76.csv,evidence_mode_if_auditable;missing_or_limiting_component;blocker_type;reason_not_exact | missing_elements;reason_for_tier;materialization_tier(internal),mode=relation_specific; missing=methodology+ownership; blocker=methodology+ownership | missing_elements=artifact;baseline;hyperparameters; tier(internal)=T3,"Relation-specific design mode; EXCLUDED from manuscript-facing 53 auditable designs (53 = exact + source-materialized + source-supported-extension only), so counted as no_design_or_boundary. 20 of 21 relation_specific land here; the 1 source-materialized SD claim is in auditable_non_exact.",true,artifact_internal_tier=T3 (supporting only; not a manuscript group),true,targeted_boundary,agree,agree,boundary decision consistent with source evidence,unchanged
ext_2009_03351v3_claim2,ext_2009_03351v3_claim2,2009.03351v3,relation_schema_rq1_flags.csv,true,auditable_non_exact,false,source_supported_extension,"auditable only via source-supported extension, not an exact proxy-free source comparison",diagnostic_or_extension_not_exact_source_comparison,artifact;hyperparameters;instance_generator;optimizer;resource_budget,artifact/screening_drop_78_materialization_boundary.csv | artifact/external_audit/materialization/materialization_tiers_76.csv,evidence_mode_if_auditable;missing_or_limiting_component;blocker_type;reason_not_exact | missing_elements;reason_for_tier;materialization_tier(internal),mode=source_supported_extension; missing=source_rows; blocker=env/needs-build | missing_elements=artifact;hyperparameters;instance_generator;optimizer;resource_budget; tier(internal)=T3,In manuscript 53 auditable designs (non-exact). Registry design_type=source_supported_extension.,true,artifact_internal_tier=T3 (supporting only; not a manuscript group),false,not_checked,not_checked,not_checked,,not_checked
ext_2405_07624v1_claim5,ext_2405_07624v1_claim5,2405.07624v1,relation_schema_rq1_flags.csv,true,auditable_non_exact,false,source_supported_extension,"auditable only via source-supported extension, not an exact proxy-free source comparison",diagnostic_or_extension_not_exact_source_comparison,artifact;hyperparameters;instance_generator;optimizer;other;resource_budget,artifact/screening_drop_78_materialization_boundary.csv | artifact/external_audit/materialization/materialization_tiers_76.csv,evidence_mode_if_auditable;missing_or_limiting_component;blocker_type;reason_not_exact | missing_elements;reason_for_tier;materialization_tier(internal),mode=source_supported_extension; missing=source_rows; blocker=env/needs-build | missing_elements=artifact;hyperparameters;instance_generator;optimizer;other;resource_budget; tier(internal)=T3,In manuscript 53 auditable designs (non-exact). Registry design_type=source_supported_extension.,true,artifact_internal_tier=T3 (supporting only; not a manuscript group),false,not_checked,not_checked,not_checked,,not_checked
ext_2409_14786v3_claim7,ext_2409_14786v3_claim7,2409.14786v3,relation_schema_rq1_flags.csv,true,auditable_non_exact,false,source_supported_extension,"auditable only via source-supported extension, not an exact proxy-free source comparison",diagnostic_or_extension_not_exact_source_comparison,artifact;hyperparameters;instance_generator;optimizer;resource_budget,artifact/screening_drop_78_materialization_boundary.csv | artifact/external_audit/materialization/materialization_tiers_76.csv,evidence_mode_if_auditable;missing_or_limiting_component;blocker_type;reason_not_exact | missing_elements;reason_for_tier;materialization_tier(internal),mode=source_supported_extension; missing=relation; blocker=env/needs-build | missing_elements=artifact;hyperparameters;instance_generator;optimizer;resource_budget; tier(internal)=T3,In manuscript 53 auditable designs (non-exact). Registry design_type=source_supported_extension.,true,artifact_internal_tier=T3 (supporting only; not a manuscript group),false,not_checked,not_checked,not_checked,,not_checked
ext_2008_02941v2_claim3,ext_2008_02941v2_claim3,2008.02941v2,relation_schema_rq1_flags.csv,true,auditable_non_exact,false,source_supported_extension,"auditable only via source-supported extension, not an exact proxy-free source comparison",diagnostic_or_extension_not_exact_source_comparison,artifact;hyperparameters;instance_generator;optimizer;resource_budget,artifact/screening_drop_78_materialization_boundary.csv | artifact/external_audit/materialization/materialization_tiers_76.csv,evidence_mode_if_auditable;missing_or_limiting_component;blocker_type;reason_not_exact | missing_elements;reason_for_tier;materialization_tier(internal),mode=source_supported_extension; missing=relation; blocker=env/needs-build | missing_elements=artifact;hyperparameters;instance_generator;optimizer;resource_budget; tier(internal)=T3,In manuscript 53 auditable designs (non-exact). Registry design_type=source_supported_extension.,true,artifact_internal_tier=T3 (supporting only; not a manuscript group),false,not_checked,not_checked,not_checked,,not_checked
ext_2009_13545v3_claim1,ext_2009_13545v3_claim1,2009.13545v3,relation_schema_rq1_flags.csv,true,no_design_or_boundary,false,relation_specific_not_in_53,only a relation-specific source-rule design is lockable; excluded from manuscript 53 (exact+source-materialized+extension),relation_specific_source_rule_only,artifact;baseline;hyperparameters;metric,artifact/screening_drop_78_materialization_boundary.csv | artifact/external_audit/materialization/materialization_tiers_76.csv,evidence_mode_if_auditable;missing_or_limiting_component;blocker_type;reason_not_exact | missing_elements;reason_for_tier;materialization_tier(internal),mode=relation_specific; missing=methodology+ownership; blocker=methodology+ownership | missing_elements=artifact;baseline;hyperparameters;metric; tier(internal)=T3,"Relation-specific design mode; EXCLUDED from manuscript-facing 53 auditable designs (53 = exact + source-materialized + source-supported-extension only), so counted as no_design_or_boundary. 20 of 21 relation_specific land here; the 1 source-materialized SD claim is in auditable_non_exact.",true,artifact_internal_tier=T3 (supporting only; not a manuscript group),true,targeted_boundary,agree,agree,boundary decision consistent with source evidence,unchanged
ext_2205_01726v1_claim1,ext_2205_01726v1_claim1,2205.01726v1,relation_schema_rq1_flags.csv,true,auditable_non_exact,false,source_supported_extension,"auditable only via source-supported extension, not an exact proxy-free source comparison",diagnostic_or_extension_not_exact_source_comparison,artifact;baseline;hyperparameters,artifact/screening_drop_78_materialization_boundary.csv | artifact/external_audit/materialization/materialization_tiers_76.csv,evidence_mode_if_auditable;missing_or_limiting_component;blocker_type;reason_not_exact | missing_elements;reason_for_tier;materialization_tier(internal),mode=source_supported_extension; missing=relation; blocker=env/needs-build | missing_elements=artifact;baseline;hyperparameters; tier(internal)=T3,In manuscript 53 auditable designs (non-exact). Registry design_type=source_supported_extension.,true,artifact_internal_tier=T3 (supporting only; not a manuscript group),false,not_checked,not_checked,not_checked,,not_checked
ext_2311_15123v3_claim7,ext_2311_15123v3_claim7,2311.15123v3,relation_schema_rq1_flags.csv,true,no_design_or_boundary,false,relation_specific_not_in_53,only a relation-specific source-rule design is lockable; excluded from manuscript 53 (exact+source-materialized+extension),relation_specific_source_rule_only,artifact;baseline;data;metric,artifact/screening_drop_78_materialization_boundary.csv | artifact/external_audit/materialization/materialization_tiers_76.csv,evidence_mode_if_auditable;missing_or_limiting_component;blocker_type;reason_not_exact | missing_elements;reason_for_tier;materialization_tier(internal),mode=relation_specific; missing=env+methodology; blocker=env+methodology | missing_elements=artifact;baseline;data;metric; tier(internal)=T4,"Relation-specific design mode; EXCLUDED from manuscript-facing 53 auditable designs (53 = exact + source-materialized + source-supported-extension only), so counted as no_design_or_boundary. 20 of 21 relation_specific land here; the 1 source-materialized SD claim is in auditable_non_exact.",true,artifact_internal_tier=T4 (supporting only; not a manuscript group),true,targeted_boundary,agree,agree,boundary decision consistent with source evidence,unchanged
ext_2407_01010v2_claim4,ext_2407_01010v2_claim4,2407.01010v2,relation_schema_rq1_flags.csv,true,auditable_non_exact,false,source_supported_extension,"auditable only via source-supported extension, not an exact proxy-free source comparison",diagnostic_or_extension_not_exact_source_comparison,artifact;baseline;hyperparameters;metric;resource_budget,artifact/screening_drop_78_materialization_boundary.csv | artifact/external_audit/materialization/materialization_tiers_76.csv,evidence_mode_if_auditable;missing_or_limiting_component;blocker_type;reason_not_exact | missing_elements;reason_for_tier;materialization_tier(internal),mode=source_supported_extension; missing=relation; blocker=env/needs-build | missing_elements=artifact;baseline;hyperparameters;metric;resource_budget; tier(internal)=T3,In manuscript 53 auditable designs (non-exact). Registry design_type=source_supported_extension.,true,artifact_internal_tier=T3 (supporting only; not a manuscript group),false,not_checked,not_checked,not_checked,,not_checked
ext_2305_03390v1_claim3,ext_2305_03390v1_claim3,2305.03390v1,relation_schema_rq1_flags.csv,true,auditable_non_exact,false,source_supported_extension,"auditable only via source-supported extension, not an exact proxy-free source comparison",diagnostic_or_extension_not_exact_source_comparison,artifact;hyperparameters;instance_generator;optimizer;resource_budget,artifact/screening_drop_78_materialization_boundary.csv | artifact/external_audit/materialization/materialization_tiers_76.csv,evidence_mode_if_auditable;missing_or_limiting_component;blocker_type;reason_not_exact | missing_elements;reason_for_tier;materialization_tier(internal),mode=source_supported_extension; missing=relation; blocker=env/needs-build | missing_elements=artifact;hyperparameters;instance_generator;optimizer;resource_budget; tier(internal)=T3,In manuscript 53 auditable designs (non-exact). Registry design_type=source_supported_extension.,true,artifact_internal_tier=T3 (supporting only; not a manuscript group),false,not_checked,not_checked,not_checked,,not_checked
ext_2409_14786v3_claim5,ext_2409_14786v3_claim5,2409.14786v3,relation_schema_rq1_flags.csv,true,auditable_non_exact,false,source_supported_extension,"auditable only via source-supported extension, not an exact proxy-free source comparison",diagnostic_or_extension_not_exact_source_comparison,artifact;hyperparameters;instance_generator;optimizer;other;resource_budget,artifact/screening_drop_78_materialization_boundary.csv | artifact/external_audit/materialization/materialization_tiers_76.csv,evidence_mode_if_auditable;missing_or_limiting_component;blocker_type;reason_not_exact | missing_elements;reason_for_tier;materialization_tier(internal),mode=source_supported_extension; missing=source_rows; blocker=env/needs-build | missing_elements=artifact;hyperparameters;instance_generator;optimizer;other;resource_budget; tier(internal)=T3,In manuscript 53 auditable designs (non-exact). Registry design_type=source_supported_extension.,true,artifact_internal_tier=T3 (supporting only; not a manuscript group),false,not_checked,not_checked,not_checked,,not_checked
ext_2411_00518v2_claim3,ext_2411_00518v2_claim3,2411.00518v2,relation_schema_rq1_flags.csv,true,proxy_free_exact,true,exact,none,none,none,artifact/screening_drop_78_materialization_boundary.csv,exact_proxy_free_yes_no,yes (EX-C Tier-1 proxy-free scoped S/U/R card),screening_drop_78 exact_proxy_free_yes_no=yes; EX-C Tier-1 proxy-free scoped S/U/R card.,true,,false,not_checked,not_checked,not_checked,,not_checked
ext_2007_15671v1_claim5,ext_2007_15671v1_claim5,2007.15671v1,relation_schema_rq1_flags.csv,true,no_design_or_boundary,false,relation_specific_not_in_53,only a relation-specific source-rule design is lockable; excluded from manuscript 53 (exact+source-materialized+extension),relation_specific_source_rule_only,baseline;metric;artifact;hyperparameters,artifact/screening_drop_78_materialization_boundary.csv | artifact/external_audit/materialization/materialization_tiers_76.csv,evidence_mode_if_auditable;missing_or_limiting_component;blocker_type;reason_not_exact | missing_elements;reason_for_tier;materialization_tier(internal),mode=relation_specific; missing=env+methodology; blocker=env+methodology | missing_elements=baseline;metric;artifact;hyperparameters; tier(internal)=T3,"Relation-specific design mode; EXCLUDED from manuscript-facing 53 auditable designs (53 = exact + source-materialized + source-supported-extension only), so counted as no_design_or_boundary. 20 of 21 relation_specific land here; the 1 source-materialized SD claim is in auditable_non_exact.",true,artifact_internal_tier=T3 (supporting only; not a manuscript group),true,targeted_boundary,agree,agree,boundary decision consistent with source evidence,unchanged
ext_2309_01028v2_claim5,ext_2309_01028v2_claim5,2309.01028v2,relation_schema_rq1_flags.csv+adjudication_add,true,auditable_non_exact,false,source_supported_extension,"auditable only via source-supported extension, not an exact proxy-free source comparison",diagnostic_or_extension_not_exact_source_comparison,missing_baseline_implementation,artifact/source_grounded_claim_adjudication.csv,primary_blocker_if_any;strongest_adjudicated_mode,primary_blocker=missing_baseline_implementation; mode=source_supported_extension,In manuscript 53 auditable designs (non-exact). Adjudication-add (53rd distinct auditable claim; not in locked registry); source_grounded mode=source_supported_extension.,true,outside locked 76-row census; barrier from source_grounded_claim_adjudication.csv,false,not_checked,not_checked,not_checked,,not_checked
