record_id,cell_id,claim_id,baseline_A_value,baseline_B_value,metric,signed_margin,preserved,contradicted,tied,axis_values,candidate_cluster_unit,cluster_unit_type
EX-C1,0,ext_2202_14025v1_legacy_claim12,0.011783291993197,0.0315455420059151,compilation runtime (pytket vs Qiskit),0.0197622500127181,1,0,0,circuit_size=4;qiskit_optimization_level=0;repetition=0,4,circuit_size (benchmark size)
EX-C1,1,ext_2202_14025v1_legacy_claim12,0.0091605000197887,0.0244532499928027,compilation runtime (pytket vs Qiskit),0.015292749973014,1,0,0,circuit_size=4;qiskit_optimization_level=1;repetition=0,4,circuit_size (benchmark size)
EX-C1,2,ext_2202_14025v1_legacy_claim12,0.009052958979737,0.0260956670390442,compilation runtime (pytket vs Qiskit),0.0170427080593072,1,0,0,circuit_size=4;qiskit_optimization_level=2;repetition=0,4,circuit_size (benchmark size)
EX-C1,3,ext_2202_14025v1_legacy_claim12,0.0091112079680897,0.0270356250111944,compilation runtime (pytket vs Qiskit),0.0179244170431047,1,0,0,circuit_size=4;qiskit_optimization_level=3;repetition=0,4,circuit_size (benchmark size)
EX-C1,4,ext_2202_14025v1_legacy_claim12,0.0095766659942455,0.0269229169934988,compilation runtime (pytket vs Qiskit),0.0173462509992533,1,0,0,circuit_size=4;qiskit_optimization_level=0;repetition=1,4,circuit_size (benchmark size)
EX-C1,5,ext_2202_14025v1_legacy_claim12,0.009500291023869,0.0274638750124722,compilation runtime (pytket vs Qiskit),0.017963583988603198,1,0,0,circuit_size=4;qiskit_optimization_level=1;repetition=1,4,circuit_size (benchmark size)
EX-C1,6,ext_2202_14025v1_legacy_claim12,0.0090229579946026,0.0329219169798307,compilation runtime (pytket vs Qiskit),0.0238989589852281,1,0,0,circuit_size=4;qiskit_optimization_level=2;repetition=1,4,circuit_size (benchmark size)
EX-C1,7,ext_2202_14025v1_legacy_claim12,0.0093397090095095,0.0285781670245341,compilation runtime (pytket vs Qiskit),0.0192384580150246,1,0,0,circuit_size=4;qiskit_optimization_level=3;repetition=1,4,circuit_size (benchmark size)
EX-C1,8,ext_2202_14025v1_legacy_claim12,0.0096980830421671,0.0237010840210132,compilation runtime (pytket vs Qiskit),0.0140030009788461,1,0,0,circuit_size=4;qiskit_optimization_level=0;repetition=2,4,circuit_size (benchmark size)
EX-C1,9,ext_2202_14025v1_legacy_claim12,0.0090557090006768,0.0251904579927213,compilation runtime (pytket vs Qiskit),0.0161347489920445,1,0,0,circuit_size=4;qiskit_optimization_level=1;repetition=2,4,circuit_size (benchmark size)
EX-C1,10,ext_2202_14025v1_legacy_claim12,0.0091914579970762,0.0281980419531464,compilation runtime (pytket vs Qiskit),0.0190065839560702,1,0,0,circuit_size=4;qiskit_optimization_level=2;repetition=2,4,circuit_size (benchmark size)
EX-C1,11,ext_2202_14025v1_legacy_claim12,0.0090115000493824,0.0280427089892327,compilation runtime (pytket vs Qiskit),0.0190312089398503,1,0,0,circuit_size=4;qiskit_optimization_level=3;repetition=2,4,circuit_size (benchmark size)
EX-C1,12,ext_2202_14025v1_legacy_claim12,0.0092915829736739,0.0255607920116744,compilation runtime (pytket vs Qiskit),0.0162692090380005,1,0,0,circuit_size=4;qiskit_optimization_level=0;repetition=3,4,circuit_size (benchmark size)
EX-C1,13,ext_2202_14025v1_legacy_claim12,0.0102912919828668,0.0289292499655857,compilation runtime (pytket vs Qiskit),0.0186379579827189,1,0,0,circuit_size=4;qiskit_optimization_level=1;repetition=3,4,circuit_size (benchmark size)
EX-C1,14,ext_2202_14025v1_legacy_claim12,0.0094510830240324,0.0298342920141294,compilation runtime (pytket vs Qiskit),0.020383208990097,1,0,0,circuit_size=4;qiskit_optimization_level=2;repetition=3,4,circuit_size (benchmark size)
EX-C1,15,ext_2202_14025v1_legacy_claim12,0.0090833340073004,0.0267435829737223,compilation runtime (pytket vs Qiskit),0.017660248966421897,1,0,0,circuit_size=4;qiskit_optimization_level=3;repetition=3,4,circuit_size (benchmark size)
EX-C1,16,ext_2202_14025v1_legacy_claim12,0.0090769579983316,0.0236982909846119,compilation runtime (pytket vs Qiskit),0.0146213329862803,1,0,0,circuit_size=4;qiskit_optimization_level=0;repetition=4,4,circuit_size (benchmark size)
EX-C1,17,ext_2202_14025v1_legacy_claim12,0.0091217500157654,0.0245940419845283,compilation runtime (pytket vs Qiskit),0.015472291968762899,1,0,0,circuit_size=4;qiskit_optimization_level=1;repetition=4,4,circuit_size (benchmark size)
EX-C1,18,ext_2202_14025v1_legacy_claim12,0.0091130830114707,0.0275761249940842,compilation runtime (pytket vs Qiskit),0.0184630419826135,1,0,0,circuit_size=4;qiskit_optimization_level=2;repetition=4,4,circuit_size (benchmark size)
EX-C1,19,ext_2202_14025v1_legacy_claim12,0.0094929580227471,0.0304462499916553,compilation runtime (pytket vs Qiskit),0.020953291968908203,1,0,0,circuit_size=4;qiskit_optimization_level=3;repetition=4,4,circuit_size (benchmark size)
EX-C1,20,ext_2202_14025v1_legacy_claim12,0.0106593329692259,0.0275012089987285,compilation runtime (pytket vs Qiskit),0.0168418760295026,1,0,0,circuit_size=6;qiskit_optimization_level=0;repetition=0,6,circuit_size (benchmark size)
EX-C1,21,ext_2202_14025v1_legacy_claim12,0.0097274169675074,0.02801399998134,compilation runtime (pytket vs Qiskit),0.0182865830138326,1,0,0,circuit_size=6;qiskit_optimization_level=1;repetition=0,6,circuit_size (benchmark size)
EX-C1,22,ext_2202_14025v1_legacy_claim12,0.0098501250031404,0.0265792499994859,compilation runtime (pytket vs Qiskit),0.016729124996345497,1,0,0,circuit_size=6;qiskit_optimization_level=2;repetition=0,6,circuit_size (benchmark size)
EX-C1,23,ext_2202_14025v1_legacy_claim12,0.009997375018429,0.0275692499708384,compilation runtime (pytket vs Qiskit),0.0175718749524094,1,0,0,circuit_size=6;qiskit_optimization_level=3;repetition=0,6,circuit_size (benchmark size)
EX-C1,24,ext_2202_14025v1_legacy_claim12,0.0097309999982826,0.024722957983613,compilation runtime (pytket vs Qiskit),0.0149919579853304,1,0,0,circuit_size=6;qiskit_optimization_level=0;repetition=1,6,circuit_size (benchmark size)
EX-C1,25,ext_2202_14025v1_legacy_claim12,0.0096849590190686,0.0258171670138835,compilation runtime (pytket vs Qiskit),0.0161322079948149,1,0,0,circuit_size=6;qiskit_optimization_level=1;repetition=1,6,circuit_size (benchmark size)
EX-C1,26,ext_2202_14025v1_legacy_claim12,0.0106674170237965,0.0292022909852676,compilation runtime (pytket vs Qiskit),0.018534873961471098,1,0,0,circuit_size=6;qiskit_optimization_level=2;repetition=1,6,circuit_size (benchmark size)
EX-C1,27,ext_2202_14025v1_legacy_claim12,0.0101701249950565,0.0312275000032968,compilation runtime (pytket vs Qiskit),0.0210573750082403,1,0,0,circuit_size=6;qiskit_optimization_level=3;repetition=1,6,circuit_size (benchmark size)
EX-C1,28,ext_2202_14025v1_legacy_claim12,0.0102835409925319,0.026832583011128,compilation runtime (pytket vs Qiskit),0.016549042018596104,1,0,0,circuit_size=6;qiskit_optimization_level=0;repetition=2,6,circuit_size (benchmark size)
EX-C1,29,ext_2202_14025v1_legacy_claim12,0.0096646249876357,0.0246665829909034,compilation runtime (pytket vs Qiskit),0.0150019580032677,1,0,0,circuit_size=6;qiskit_optimization_level=1;repetition=2,6,circuit_size (benchmark size)
EX-C1,30,ext_2202_14025v1_legacy_claim12,0.0098026249906979,0.0270343339652754,compilation runtime (pytket vs Qiskit),0.0172317089745775,1,0,0,circuit_size=6;qiskit_optimization_level=2;repetition=2,6,circuit_size (benchmark size)
EX-C1,31,ext_2202_14025v1_legacy_claim12,0.0097035419894382,0.0276720420224592,compilation runtime (pytket vs Qiskit),0.017968500033021,1,0,0,circuit_size=6;qiskit_optimization_level=3;repetition=2,6,circuit_size (benchmark size)
EX-C1,32,ext_2202_14025v1_legacy_claim12,0.0097516250098124,0.0238638340379111,compilation runtime (pytket vs Qiskit),0.014112209028098698,1,0,0,circuit_size=6;qiskit_optimization_level=0;repetition=3,6,circuit_size (benchmark size)
EX-C1,33,ext_2202_14025v1_legacy_claim12,0.0101444579777307,0.0257733750040642,compilation runtime (pytket vs Qiskit),0.015628917026333504,1,0,0,circuit_size=6;qiskit_optimization_level=1;repetition=3,6,circuit_size (benchmark size)
EX-C1,34,ext_2202_14025v1_legacy_claim12,0.009790415992029,0.0310232499614357,compilation runtime (pytket vs Qiskit),0.0212328339694067,1,0,0,circuit_size=6;qiskit_optimization_level=2;repetition=3,6,circuit_size (benchmark size)
EX-C1,35,ext_2202_14025v1_legacy_claim12,0.0103846249985508,0.0291583749931305,compilation runtime (pytket vs Qiskit),0.0187737499945797,1,0,0,circuit_size=6;qiskit_optimization_level=3;repetition=3,6,circuit_size (benchmark size)
EX-C1,36,ext_2202_14025v1_legacy_claim12,0.0098141250200569,0.0246385000064037,compilation runtime (pytket vs Qiskit),0.0148243749863468,1,0,0,circuit_size=6;qiskit_optimization_level=0;repetition=4,6,circuit_size (benchmark size)
EX-C1,37,ext_2202_14025v1_legacy_claim12,0.0101687080459669,0.0249784589977934,compilation runtime (pytket vs Qiskit),0.014809750951826498,1,0,0,circuit_size=6;qiskit_optimization_level=1;repetition=4,6,circuit_size (benchmark size)
EX-C1,38,ext_2202_14025v1_legacy_claim12,0.0098830420174635,0.026870833011344,compilation runtime (pytket vs Qiskit),0.0169877909938805,1,0,0,circuit_size=6;qiskit_optimization_level=2;repetition=4,6,circuit_size (benchmark size)
EX-C1,39,ext_2202_14025v1_legacy_claim12,0.0097572919912636,0.0276191250304691,compilation runtime (pytket vs Qiskit),0.0178618330392055,1,0,0,circuit_size=6;qiskit_optimization_level=3;repetition=4,6,circuit_size (benchmark size)
EX-C1,40,ext_2202_14025v1_legacy_claim12,0.0104242500383406,0.0269716670154593,compilation runtime (pytket vs Qiskit),0.0165474169771187,1,0,0,circuit_size=8;qiskit_optimization_level=0;repetition=0,8,circuit_size (benchmark size)
EX-C1,41,ext_2202_14025v1_legacy_claim12,0.0112292499979957,0.0281644579954445,compilation runtime (pytket vs Qiskit),0.0169352079974488,1,0,0,circuit_size=8;qiskit_optimization_level=1;repetition=0,8,circuit_size (benchmark size)
EX-C1,42,ext_2202_14025v1_legacy_claim12,0.0109517909586429,0.0278255000011995,compilation runtime (pytket vs Qiskit),0.016873709042556598,1,0,0,circuit_size=8;qiskit_optimization_level=2;repetition=0,8,circuit_size (benchmark size)
EX-C1,43,ext_2202_14025v1_legacy_claim12,0.0109020409872755,0.0275740000070072,compilation runtime (pytket vs Qiskit),0.016671959019731702,1,0,0,circuit_size=8;qiskit_optimization_level=3;repetition=0,8,circuit_size (benchmark size)
EX-C1,44,ext_2202_14025v1_legacy_claim12,0.0110645000240765,0.0284101249999366,compilation runtime (pytket vs Qiskit),0.0173456249758601,1,0,0,circuit_size=8;qiskit_optimization_level=0;repetition=1,8,circuit_size (benchmark size)
EX-C1,45,ext_2202_14025v1_legacy_claim12,0.0105232499772682,0.0269879580009728,compilation runtime (pytket vs Qiskit),0.016464708023704602,1,0,0,circuit_size=8;qiskit_optimization_level=1;repetition=1,8,circuit_size (benchmark size)
EX-C1,46,ext_2202_14025v1_legacy_claim12,0.010468500026036,0.0276520830229856,compilation runtime (pytket vs Qiskit),0.017183582996949602,1,0,0,circuit_size=8;qiskit_optimization_level=2;repetition=1,8,circuit_size (benchmark size)
EX-C1,47,ext_2202_14025v1_legacy_claim12,0.0109893750050105,0.0293018750380724,compilation runtime (pytket vs Qiskit),0.018312500033061903,1,0,0,circuit_size=8;qiskit_optimization_level=3;repetition=1,8,circuit_size (benchmark size)
EX-C1,48,ext_2202_14025v1_legacy_claim12,0.010770832945127,0.0257505829795263,compilation runtime (pytket vs Qiskit),0.014979750034399301,1,0,0,circuit_size=8;qiskit_optimization_level=0;repetition=2,8,circuit_size (benchmark size)
EX-C1,49,ext_2202_14025v1_legacy_claim12,0.0115334169822745,0.0280294159892946,compilation runtime (pytket vs Qiskit),0.016495999007020097,1,0,0,circuit_size=8;qiskit_optimization_level=1;repetition=2,8,circuit_size (benchmark size)
EX-C1,50,ext_2202_14025v1_legacy_claim12,0.0107480000006034,0.0295625840080901,compilation runtime (pytket vs Qiskit),0.0188145840074867,1,0,0,circuit_size=8;qiskit_optimization_level=2;repetition=2,8,circuit_size (benchmark size)
EX-C1,51,ext_2202_14025v1_legacy_claim12,0.0106556249666027,0.027941207983531,compilation runtime (pytket vs Qiskit),0.0172855830169283,1,0,0,circuit_size=8;qiskit_optimization_level=3;repetition=2,8,circuit_size (benchmark size)
EX-C1,52,ext_2202_14025v1_legacy_claim12,0.0104722910327836,0.0235481669660657,compilation runtime (pytket vs Qiskit),0.013075875933282098,1,0,0,circuit_size=8;qiskit_optimization_level=0;repetition=3,8,circuit_size (benchmark size)
EX-C1,53,ext_2202_14025v1_legacy_claim12,0.0106515419902279,0.0289815829601138,compilation runtime (pytket vs Qiskit),0.0183300409698859,1,0,0,circuit_size=8;qiskit_optimization_level=1;repetition=3,8,circuit_size (benchmark size)
EX-C1,54,ext_2202_14025v1_legacy_claim12,0.0104487080243416,0.0268239580327644,compilation runtime (pytket vs Qiskit),0.0163752500084228,1,0,0,circuit_size=8;qiskit_optimization_level=2;repetition=3,8,circuit_size (benchmark size)
EX-C1,55,ext_2202_14025v1_legacy_claim12,0.0113724580151028,0.0294584169751033,compilation runtime (pytket vs Qiskit),0.018085958960000502,1,0,0,circuit_size=8;qiskit_optimization_level=3;repetition=3,8,circuit_size (benchmark size)
EX-C1,56,ext_2202_14025v1_legacy_claim12,0.0104365830193273,0.0277109169983305,compilation runtime (pytket vs Qiskit),0.0172743339790032,1,0,0,circuit_size=8;qiskit_optimization_level=0;repetition=4,8,circuit_size (benchmark size)
EX-C1,57,ext_2202_14025v1_legacy_claim12,0.0106573330122046,0.0271312909899279,compilation runtime (pytket vs Qiskit),0.0164739579777233,1,0,0,circuit_size=8;qiskit_optimization_level=1;repetition=4,8,circuit_size (benchmark size)
EX-C1,58,ext_2202_14025v1_legacy_claim12,0.0106620419537648,0.0273176250047981,compilation runtime (pytket vs Qiskit),0.0166555830510333,1,0,0,circuit_size=8;qiskit_optimization_level=2;repetition=4,8,circuit_size (benchmark size)
EX-C1,59,ext_2202_14025v1_legacy_claim12,0.0106034579803235,0.0289099580259062,compilation runtime (pytket vs Qiskit),0.0183065000455827,1,0,0,circuit_size=8;qiskit_optimization_level=3;repetition=4,8,circuit_size (benchmark size)
EX-C1,60,ext_2202_14025v1_legacy_claim12,0.0137336250045336,0.0259317499585449,compilation runtime (pytket vs Qiskit),0.0121981249540113,1,0,0,circuit_size=10;qiskit_optimization_level=0;repetition=0,10,circuit_size (benchmark size)
EX-C1,61,ext_2202_14025v1_legacy_claim12,0.011149582976941,0.0256446659914217,compilation runtime (pytket vs Qiskit),0.014495083014480699,1,0,0,circuit_size=10;qiskit_optimization_level=1;repetition=0,10,circuit_size (benchmark size)
EX-C1,62,ext_2202_14025v1_legacy_claim12,0.0115912500186823,0.0301738330163061,compilation runtime (pytket vs Qiskit),0.0185825829976238,1,0,0,circuit_size=10;qiskit_optimization_level=2;repetition=0,10,circuit_size (benchmark size)
EX-C1,63,ext_2202_14025v1_legacy_claim12,0.0115899170050397,0.0300844169687479,compilation runtime (pytket vs Qiskit),0.0184944999637082,1,0,0,circuit_size=10;qiskit_optimization_level=3;repetition=0,10,circuit_size (benchmark size)
EX-C1,64,ext_2202_14025v1_legacy_claim12,0.0115225000190548,0.0274082910036668,compilation runtime (pytket vs Qiskit),0.015885790984612,1,0,0,circuit_size=10;qiskit_optimization_level=0;repetition=1,10,circuit_size (benchmark size)
EX-C1,65,ext_2202_14025v1_legacy_claim12,0.0111943750525824,0.0246538749779574,compilation runtime (pytket vs Qiskit),0.013459499925374999,1,0,0,circuit_size=10;qiskit_optimization_level=1;repetition=1,10,circuit_size (benchmark size)
EX-C1,66,ext_2202_14025v1_legacy_claim12,0.0111946249962784,0.0267661669640801,compilation runtime (pytket vs Qiskit),0.015571541967801701,1,0,0,circuit_size=10;qiskit_optimization_level=2;repetition=1,10,circuit_size (benchmark size)
EX-C1,67,ext_2202_14025v1_legacy_claim12,0.0113295000046491,0.0266720000072382,compilation runtime (pytket vs Qiskit),0.015342500002589101,1,0,0,circuit_size=10;qiskit_optimization_level=3;repetition=1,10,circuit_size (benchmark size)
EX-C1,68,ext_2202_14025v1_legacy_claim12,0.0110875419923104,0.0255947920377366,compilation runtime (pytket vs Qiskit),0.0145072500454262,1,0,0,circuit_size=10;qiskit_optimization_level=0;repetition=2,10,circuit_size (benchmark size)
EX-C1,69,ext_2202_14025v1_legacy_claim12,0.0110642089857719,0.0272910409839823,compilation runtime (pytket vs Qiskit),0.0162268319982104,1,0,0,circuit_size=10;qiskit_optimization_level=1;repetition=2,10,circuit_size (benchmark size)
EX-C1,70,ext_2202_14025v1_legacy_claim12,0.0118147080065682,0.0286702499724924,compilation runtime (pytket vs Qiskit),0.016855541965924203,1,0,0,circuit_size=10;qiskit_optimization_level=2;repetition=2,10,circuit_size (benchmark size)
EX-C1,71,ext_2202_14025v1_legacy_claim12,0.0115672500105574,0.0308104589930735,compilation runtime (pytket vs Qiskit),0.0192432089825161,1,0,0,circuit_size=10;qiskit_optimization_level=3;repetition=2,10,circuit_size (benchmark size)
EX-C1,72,ext_2202_14025v1_legacy_claim12,0.0111918750335462,0.0237548339646309,compilation runtime (pytket vs Qiskit),0.0125629589310847,1,0,0,circuit_size=10;qiskit_optimization_level=0;repetition=3,10,circuit_size (benchmark size)
EX-C1,73,ext_2202_14025v1_legacy_claim12,0.0113097919966094,0.0251065830234438,compilation runtime (pytket vs Qiskit),0.0137967910268344,1,0,0,circuit_size=10;qiskit_optimization_level=1;repetition=3,10,circuit_size (benchmark size)
EX-C1,74,ext_2202_14025v1_legacy_claim12,0.0112614589743316,0.0319678339874371,compilation runtime (pytket vs Qiskit),0.0207063750131055,1,0,0,circuit_size=10;qiskit_optimization_level=2;repetition=3,10,circuit_size (benchmark size)
EX-C1,75,ext_2202_14025v1_legacy_claim12,0.0114785420009866,0.0294124169740825,compilation runtime (pytket vs Qiskit),0.017933874973095898,1,0,0,circuit_size=10;qiskit_optimization_level=3;repetition=3,10,circuit_size (benchmark size)
EX-C1,76,ext_2202_14025v1_legacy_claim12,0.0122179579921066,0.0260341250104829,compilation runtime (pytket vs Qiskit),0.013816167018376301,1,0,0,circuit_size=10;qiskit_optimization_level=0;repetition=4,10,circuit_size (benchmark size)
EX-C1,77,ext_2202_14025v1_legacy_claim12,0.0114031659904867,0.0281090409844182,compilation runtime (pytket vs Qiskit),0.016705874993931502,1,0,0,circuit_size=10;qiskit_optimization_level=1;repetition=4,10,circuit_size (benchmark size)
EX-C1,78,ext_2202_14025v1_legacy_claim12,0.012429249996785,0.0291804999578744,compilation runtime (pytket vs Qiskit),0.0167512499610894,1,0,0,circuit_size=10;qiskit_optimization_level=2;repetition=4,10,circuit_size (benchmark size)
EX-C1,79,ext_2202_14025v1_legacy_claim12,0.0115007080021314,0.0272290839930064,compilation runtime (pytket vs Qiskit),0.015728375990875003,1,0,0,circuit_size=10;qiskit_optimization_level=3;repetition=4,10,circuit_size (benchmark size)
EX-C3,0,ext_2304_08814v2_claim5,4.0,9.0,CNOT gate count (TKET vs Qiskit),5.0,1,0,0,circuit=linear_3_remote_cx;qiskit_optimization_level=0;qiskit_seed=0,linear_3_remote_cx,benchmark circuit
EX-C3,1,ext_2304_08814v2_claim5,4.0,9.0,CNOT gate count (TKET vs Qiskit),5.0,1,0,0,circuit=linear_3_remote_cx;qiskit_optimization_level=0;qiskit_seed=1,linear_3_remote_cx,benchmark circuit
EX-C3,2,ext_2304_08814v2_claim5,4.0,9.0,CNOT gate count (TKET vs Qiskit),5.0,1,0,0,circuit=linear_3_remote_cx;qiskit_optimization_level=0;qiskit_seed=2,linear_3_remote_cx,benchmark circuit
EX-C3,3,ext_2304_08814v2_claim5,4.0,9.0,CNOT gate count (TKET vs Qiskit),5.0,1,0,0,circuit=linear_3_remote_cx;qiskit_optimization_level=0;qiskit_seed=3,linear_3_remote_cx,benchmark circuit
EX-C3,4,ext_2304_08814v2_claim5,4.0,9.0,CNOT gate count (TKET vs Qiskit),5.0,1,0,0,circuit=linear_3_remote_cx;qiskit_optimization_level=0;qiskit_seed=4,linear_3_remote_cx,benchmark circuit
EX-C3,5,ext_2304_08814v2_claim5,4.0,6.0,CNOT gate count (TKET vs Qiskit),2.0,1,0,0,circuit=linear_3_remote_cx;qiskit_optimization_level=1;qiskit_seed=0,linear_3_remote_cx,benchmark circuit
EX-C3,6,ext_2304_08814v2_claim5,4.0,6.0,CNOT gate count (TKET vs Qiskit),2.0,1,0,0,circuit=linear_3_remote_cx;qiskit_optimization_level=1;qiskit_seed=1,linear_3_remote_cx,benchmark circuit
EX-C3,7,ext_2304_08814v2_claim5,4.0,6.0,CNOT gate count (TKET vs Qiskit),2.0,1,0,0,circuit=linear_3_remote_cx;qiskit_optimization_level=1;qiskit_seed=2,linear_3_remote_cx,benchmark circuit
EX-C3,8,ext_2304_08814v2_claim5,4.0,6.0,CNOT gate count (TKET vs Qiskit),2.0,1,0,0,circuit=linear_3_remote_cx;qiskit_optimization_level=1;qiskit_seed=3,linear_3_remote_cx,benchmark circuit
EX-C3,9,ext_2304_08814v2_claim5,4.0,4.0,CNOT gate count (TKET vs Qiskit),-0.0,0,0,1,circuit=linear_3_remote_cx;qiskit_optimization_level=1;qiskit_seed=4,linear_3_remote_cx,benchmark circuit
EX-C3,10,ext_2304_08814v2_claim5,4.0,6.0,CNOT gate count (TKET vs Qiskit),2.0,1,0,0,circuit=linear_3_remote_cx;qiskit_optimization_level=2;qiskit_seed=0,linear_3_remote_cx,benchmark circuit
EX-C3,11,ext_2304_08814v2_claim5,4.0,6.0,CNOT gate count (TKET vs Qiskit),2.0,1,0,0,circuit=linear_3_remote_cx;qiskit_optimization_level=2;qiskit_seed=1,linear_3_remote_cx,benchmark circuit
EX-C3,12,ext_2304_08814v2_claim5,4.0,6.0,CNOT gate count (TKET vs Qiskit),2.0,1,0,0,circuit=linear_3_remote_cx;qiskit_optimization_level=2;qiskit_seed=2,linear_3_remote_cx,benchmark circuit
EX-C3,13,ext_2304_08814v2_claim5,4.0,6.0,CNOT gate count (TKET vs Qiskit),2.0,1,0,0,circuit=linear_3_remote_cx;qiskit_optimization_level=2;qiskit_seed=3,linear_3_remote_cx,benchmark circuit
EX-C3,14,ext_2304_08814v2_claim5,4.0,4.0,CNOT gate count (TKET vs Qiskit),-0.0,0,0,1,circuit=linear_3_remote_cx;qiskit_optimization_level=2;qiskit_seed=4,linear_3_remote_cx,benchmark circuit
EX-C3,15,ext_2304_08814v2_claim5,4.0,6.0,CNOT gate count (TKET vs Qiskit),2.0,1,0,0,circuit=linear_3_remote_cx;qiskit_optimization_level=3;qiskit_seed=0,linear_3_remote_cx,benchmark circuit
EX-C3,16,ext_2304_08814v2_claim5,4.0,6.0,CNOT gate count (TKET vs Qiskit),2.0,1,0,0,circuit=linear_3_remote_cx;qiskit_optimization_level=3;qiskit_seed=1,linear_3_remote_cx,benchmark circuit
EX-C3,17,ext_2304_08814v2_claim5,4.0,6.0,CNOT gate count (TKET vs Qiskit),2.0,1,0,0,circuit=linear_3_remote_cx;qiskit_optimization_level=3;qiskit_seed=2,linear_3_remote_cx,benchmark circuit
EX-C3,18,ext_2304_08814v2_claim5,4.0,6.0,CNOT gate count (TKET vs Qiskit),2.0,1,0,0,circuit=linear_3_remote_cx;qiskit_optimization_level=3;qiskit_seed=3,linear_3_remote_cx,benchmark circuit
EX-C3,19,ext_2304_08814v2_claim5,4.0,4.0,CNOT gate count (TKET vs Qiskit),-0.0,0,0,1,circuit=linear_3_remote_cx;qiskit_optimization_level=3;qiskit_seed=4,linear_3_remote_cx,benchmark circuit
EX-C3,20,ext_2304_08814v2_claim5,11.0,17.0,CNOT gate count (TKET vs Qiskit),6.0,1,0,0,circuit=linear_4_crossing_ladder;qiskit_optimization_level=0;qiskit_seed=0,linear_4_crossing_ladder,benchmark circuit
EX-C3,21,ext_2304_08814v2_claim5,11.0,20.0,CNOT gate count (TKET vs Qiskit),9.0,1,0,0,circuit=linear_4_crossing_ladder;qiskit_optimization_level=0;qiskit_seed=1,linear_4_crossing_ladder,benchmark circuit
EX-C3,22,ext_2304_08814v2_claim5,11.0,17.0,CNOT gate count (TKET vs Qiskit),6.0,1,0,0,circuit=linear_4_crossing_ladder;qiskit_optimization_level=0;qiskit_seed=2,linear_4_crossing_ladder,benchmark circuit
EX-C3,23,ext_2304_08814v2_claim5,11.0,17.0,CNOT gate count (TKET vs Qiskit),6.0,1,0,0,circuit=linear_4_crossing_ladder;qiskit_optimization_level=0;qiskit_seed=3,linear_4_crossing_ladder,benchmark circuit
EX-C3,24,ext_2304_08814v2_claim5,11.0,20.0,CNOT gate count (TKET vs Qiskit),9.0,1,0,0,circuit=linear_4_crossing_ladder;qiskit_optimization_level=0;qiskit_seed=4,linear_4_crossing_ladder,benchmark circuit
EX-C3,25,ext_2304_08814v2_claim5,11.0,11.0,CNOT gate count (TKET vs Qiskit),-0.0,0,0,1,circuit=linear_4_crossing_ladder;qiskit_optimization_level=1;qiskit_seed=0,linear_4_crossing_ladder,benchmark circuit
EX-C3,26,ext_2304_08814v2_claim5,11.0,11.0,CNOT gate count (TKET vs Qiskit),-0.0,0,0,1,circuit=linear_4_crossing_ladder;qiskit_optimization_level=1;qiskit_seed=1,linear_4_crossing_ladder,benchmark circuit
EX-C3,27,ext_2304_08814v2_claim5,11.0,11.0,CNOT gate count (TKET vs Qiskit),-0.0,0,0,1,circuit=linear_4_crossing_ladder;qiskit_optimization_level=1;qiskit_seed=2,linear_4_crossing_ladder,benchmark circuit
EX-C3,28,ext_2304_08814v2_claim5,11.0,11.0,CNOT gate count (TKET vs Qiskit),-0.0,0,0,1,circuit=linear_4_crossing_ladder;qiskit_optimization_level=1;qiskit_seed=3,linear_4_crossing_ladder,benchmark circuit
EX-C3,29,ext_2304_08814v2_claim5,11.0,11.0,CNOT gate count (TKET vs Qiskit),-0.0,0,0,1,circuit=linear_4_crossing_ladder;qiskit_optimization_level=1;qiskit_seed=4,linear_4_crossing_ladder,benchmark circuit
EX-C3,30,ext_2304_08814v2_claim5,11.0,11.0,CNOT gate count (TKET vs Qiskit),-0.0,0,0,1,circuit=linear_4_crossing_ladder;qiskit_optimization_level=2;qiskit_seed=0,linear_4_crossing_ladder,benchmark circuit
EX-C3,31,ext_2304_08814v2_claim5,11.0,11.0,CNOT gate count (TKET vs Qiskit),-0.0,0,0,1,circuit=linear_4_crossing_ladder;qiskit_optimization_level=2;qiskit_seed=1,linear_4_crossing_ladder,benchmark circuit
EX-C3,32,ext_2304_08814v2_claim5,11.0,11.0,CNOT gate count (TKET vs Qiskit),-0.0,0,0,1,circuit=linear_4_crossing_ladder;qiskit_optimization_level=2;qiskit_seed=2,linear_4_crossing_ladder,benchmark circuit
EX-C3,33,ext_2304_08814v2_claim5,11.0,11.0,CNOT gate count (TKET vs Qiskit),-0.0,0,0,1,circuit=linear_4_crossing_ladder;qiskit_optimization_level=2;qiskit_seed=3,linear_4_crossing_ladder,benchmark circuit
EX-C3,34,ext_2304_08814v2_claim5,11.0,11.0,CNOT gate count (TKET vs Qiskit),-0.0,0,0,1,circuit=linear_4_crossing_ladder;qiskit_optimization_level=2;qiskit_seed=4,linear_4_crossing_ladder,benchmark circuit
EX-C3,35,ext_2304_08814v2_claim5,11.0,11.0,CNOT gate count (TKET vs Qiskit),-0.0,0,0,1,circuit=linear_4_crossing_ladder;qiskit_optimization_level=3;qiskit_seed=0,linear_4_crossing_ladder,benchmark circuit
EX-C3,36,ext_2304_08814v2_claim5,11.0,11.0,CNOT gate count (TKET vs Qiskit),-0.0,0,0,1,circuit=linear_4_crossing_ladder;qiskit_optimization_level=3;qiskit_seed=1,linear_4_crossing_ladder,benchmark circuit
EX-C3,37,ext_2304_08814v2_claim5,11.0,11.0,CNOT gate count (TKET vs Qiskit),-0.0,0,0,1,circuit=linear_4_crossing_ladder;qiskit_optimization_level=3;qiskit_seed=2,linear_4_crossing_ladder,benchmark circuit
EX-C3,38,ext_2304_08814v2_claim5,11.0,11.0,CNOT gate count (TKET vs Qiskit),-0.0,0,0,1,circuit=linear_4_crossing_ladder;qiskit_optimization_level=3;qiskit_seed=3,linear_4_crossing_ladder,benchmark circuit
EX-C3,39,ext_2304_08814v2_claim5,11.0,11.0,CNOT gate count (TKET vs Qiskit),-0.0,0,0,1,circuit=linear_4_crossing_ladder;qiskit_optimization_level=3;qiskit_seed=4,linear_4_crossing_ladder,benchmark circuit
EX-C3,40,ext_2304_08814v2_claim5,12.0,24.0,CNOT gate count (TKET vs Qiskit),12.0,1,0,0,circuit=linear_4_bidirectional_mix;qiskit_optimization_level=0;qiskit_seed=0,linear_4_bidirectional_mix,benchmark circuit
EX-C3,41,ext_2304_08814v2_claim5,12.0,24.0,CNOT gate count (TKET vs Qiskit),12.0,1,0,0,circuit=linear_4_bidirectional_mix;qiskit_optimization_level=0;qiskit_seed=1,linear_4_bidirectional_mix,benchmark circuit
EX-C3,42,ext_2304_08814v2_claim5,12.0,24.0,CNOT gate count (TKET vs Qiskit),12.0,1,0,0,circuit=linear_4_bidirectional_mix;qiskit_optimization_level=0;qiskit_seed=2,linear_4_bidirectional_mix,benchmark circuit
EX-C3,43,ext_2304_08814v2_claim5,12.0,27.0,CNOT gate count (TKET vs Qiskit),15.0,1,0,0,circuit=linear_4_bidirectional_mix;qiskit_optimization_level=0;qiskit_seed=3,linear_4_bidirectional_mix,benchmark circuit
EX-C3,44,ext_2304_08814v2_claim5,12.0,24.0,CNOT gate count (TKET vs Qiskit),12.0,1,0,0,circuit=linear_4_bidirectional_mix;qiskit_optimization_level=0;qiskit_seed=4,linear_4_bidirectional_mix,benchmark circuit
EX-C3,45,ext_2304_08814v2_claim5,12.0,15.0,CNOT gate count (TKET vs Qiskit),3.0,1,0,0,circuit=linear_4_bidirectional_mix;qiskit_optimization_level=1;qiskit_seed=0,linear_4_bidirectional_mix,benchmark circuit
EX-C3,46,ext_2304_08814v2_claim5,12.0,15.0,CNOT gate count (TKET vs Qiskit),3.0,1,0,0,circuit=linear_4_bidirectional_mix;qiskit_optimization_level=1;qiskit_seed=1,linear_4_bidirectional_mix,benchmark circuit
EX-C3,47,ext_2304_08814v2_claim5,12.0,15.0,CNOT gate count (TKET vs Qiskit),3.0,1,0,0,circuit=linear_4_bidirectional_mix;qiskit_optimization_level=1;qiskit_seed=2,linear_4_bidirectional_mix,benchmark circuit
EX-C3,48,ext_2304_08814v2_claim5,12.0,15.0,CNOT gate count (TKET vs Qiskit),3.0,1,0,0,circuit=linear_4_bidirectional_mix;qiskit_optimization_level=1;qiskit_seed=3,linear_4_bidirectional_mix,benchmark circuit
EX-C3,49,ext_2304_08814v2_claim5,12.0,13.0,CNOT gate count (TKET vs Qiskit),1.0,1,0,0,circuit=linear_4_bidirectional_mix;qiskit_optimization_level=1;qiskit_seed=4,linear_4_bidirectional_mix,benchmark circuit
EX-C3,50,ext_2304_08814v2_claim5,12.0,15.0,CNOT gate count (TKET vs Qiskit),3.0,1,0,0,circuit=linear_4_bidirectional_mix;qiskit_optimization_level=2;qiskit_seed=0,linear_4_bidirectional_mix,benchmark circuit
EX-C3,51,ext_2304_08814v2_claim5,12.0,15.0,CNOT gate count (TKET vs Qiskit),3.0,1,0,0,circuit=linear_4_bidirectional_mix;qiskit_optimization_level=2;qiskit_seed=1,linear_4_bidirectional_mix,benchmark circuit
EX-C3,52,ext_2304_08814v2_claim5,12.0,15.0,CNOT gate count (TKET vs Qiskit),3.0,1,0,0,circuit=linear_4_bidirectional_mix;qiskit_optimization_level=2;qiskit_seed=2,linear_4_bidirectional_mix,benchmark circuit
EX-C3,53,ext_2304_08814v2_claim5,12.0,15.0,CNOT gate count (TKET vs Qiskit),3.0,1,0,0,circuit=linear_4_bidirectional_mix;qiskit_optimization_level=2;qiskit_seed=3,linear_4_bidirectional_mix,benchmark circuit
EX-C3,54,ext_2304_08814v2_claim5,12.0,13.0,CNOT gate count (TKET vs Qiskit),1.0,1,0,0,circuit=linear_4_bidirectional_mix;qiskit_optimization_level=2;qiskit_seed=4,linear_4_bidirectional_mix,benchmark circuit
EX-C3,55,ext_2304_08814v2_claim5,12.0,15.0,CNOT gate count (TKET vs Qiskit),3.0,1,0,0,circuit=linear_4_bidirectional_mix;qiskit_optimization_level=3;qiskit_seed=0,linear_4_bidirectional_mix,benchmark circuit
EX-C3,56,ext_2304_08814v2_claim5,12.0,15.0,CNOT gate count (TKET vs Qiskit),3.0,1,0,0,circuit=linear_4_bidirectional_mix;qiskit_optimization_level=3;qiskit_seed=1,linear_4_bidirectional_mix,benchmark circuit
EX-C3,57,ext_2304_08814v2_claim5,12.0,15.0,CNOT gate count (TKET vs Qiskit),3.0,1,0,0,circuit=linear_4_bidirectional_mix;qiskit_optimization_level=3;qiskit_seed=2,linear_4_bidirectional_mix,benchmark circuit
EX-C3,58,ext_2304_08814v2_claim5,12.0,15.0,CNOT gate count (TKET vs Qiskit),3.0,1,0,0,circuit=linear_4_bidirectional_mix;qiskit_optimization_level=3;qiskit_seed=3,linear_4_bidirectional_mix,benchmark circuit
EX-C3,59,ext_2304_08814v2_claim5,12.0,13.0,CNOT gate count (TKET vs Qiskit),1.0,1,0,0,circuit=linear_4_bidirectional_mix;qiskit_optimization_level=3;qiskit_seed=4,linear_4_bidirectional_mix,benchmark circuit
EX-C3,60,ext_2304_08814v2_claim5,11.0,19.0,CNOT gate count (TKET vs Qiskit),8.0,1,0,0,circuit=linear_4_repeated_remote;qiskit_optimization_level=0;qiskit_seed=0,linear_4_repeated_remote,benchmark circuit
EX-C3,61,ext_2304_08814v2_claim5,11.0,22.0,CNOT gate count (TKET vs Qiskit),11.0,1,0,0,circuit=linear_4_repeated_remote;qiskit_optimization_level=0;qiskit_seed=1,linear_4_repeated_remote,benchmark circuit
EX-C3,62,ext_2304_08814v2_claim5,11.0,19.0,CNOT gate count (TKET vs Qiskit),8.0,1,0,0,circuit=linear_4_repeated_remote;qiskit_optimization_level=0;qiskit_seed=2,linear_4_repeated_remote,benchmark circuit
EX-C3,63,ext_2304_08814v2_claim5,11.0,19.0,CNOT gate count (TKET vs Qiskit),8.0,1,0,0,circuit=linear_4_repeated_remote;qiskit_optimization_level=0;qiskit_seed=3,linear_4_repeated_remote,benchmark circuit
EX-C3,64,ext_2304_08814v2_claim5,11.0,22.0,CNOT gate count (TKET vs Qiskit),11.0,1,0,0,circuit=linear_4_repeated_remote;qiskit_optimization_level=0;qiskit_seed=4,linear_4_repeated_remote,benchmark circuit
EX-C3,65,ext_2304_08814v2_claim5,11.0,13.0,CNOT gate count (TKET vs Qiskit),2.0,1,0,0,circuit=linear_4_repeated_remote;qiskit_optimization_level=1;qiskit_seed=0,linear_4_repeated_remote,benchmark circuit
EX-C3,66,ext_2304_08814v2_claim5,11.0,13.0,CNOT gate count (TKET vs Qiskit),2.0,1,0,0,circuit=linear_4_repeated_remote;qiskit_optimization_level=1;qiskit_seed=1,linear_4_repeated_remote,benchmark circuit
EX-C3,67,ext_2304_08814v2_claim5,11.0,13.0,CNOT gate count (TKET vs Qiskit),2.0,1,0,0,circuit=linear_4_repeated_remote;qiskit_optimization_level=1;qiskit_seed=2,linear_4_repeated_remote,benchmark circuit
EX-C3,68,ext_2304_08814v2_claim5,11.0,13.0,CNOT gate count (TKET vs Qiskit),2.0,1,0,0,circuit=linear_4_repeated_remote;qiskit_optimization_level=1;qiskit_seed=3,linear_4_repeated_remote,benchmark circuit
EX-C3,69,ext_2304_08814v2_claim5,11.0,13.0,CNOT gate count (TKET vs Qiskit),2.0,1,0,0,circuit=linear_4_repeated_remote;qiskit_optimization_level=1;qiskit_seed=4,linear_4_repeated_remote,benchmark circuit
EX-C3,70,ext_2304_08814v2_claim5,11.0,13.0,CNOT gate count (TKET vs Qiskit),2.0,1,0,0,circuit=linear_4_repeated_remote;qiskit_optimization_level=2;qiskit_seed=0,linear_4_repeated_remote,benchmark circuit
EX-C3,71,ext_2304_08814v2_claim5,11.0,13.0,CNOT gate count (TKET vs Qiskit),2.0,1,0,0,circuit=linear_4_repeated_remote;qiskit_optimization_level=2;qiskit_seed=1,linear_4_repeated_remote,benchmark circuit
EX-C3,72,ext_2304_08814v2_claim5,11.0,13.0,CNOT gate count (TKET vs Qiskit),2.0,1,0,0,circuit=linear_4_repeated_remote;qiskit_optimization_level=2;qiskit_seed=2,linear_4_repeated_remote,benchmark circuit
EX-C3,73,ext_2304_08814v2_claim5,11.0,13.0,CNOT gate count (TKET vs Qiskit),2.0,1,0,0,circuit=linear_4_repeated_remote;qiskit_optimization_level=2;qiskit_seed=3,linear_4_repeated_remote,benchmark circuit
EX-C3,74,ext_2304_08814v2_claim5,11.0,13.0,CNOT gate count (TKET vs Qiskit),2.0,1,0,0,circuit=linear_4_repeated_remote;qiskit_optimization_level=2;qiskit_seed=4,linear_4_repeated_remote,benchmark circuit
EX-C3,75,ext_2304_08814v2_claim5,11.0,13.0,CNOT gate count (TKET vs Qiskit),2.0,1,0,0,circuit=linear_4_repeated_remote;qiskit_optimization_level=3;qiskit_seed=0,linear_4_repeated_remote,benchmark circuit
EX-C3,76,ext_2304_08814v2_claim5,11.0,13.0,CNOT gate count (TKET vs Qiskit),2.0,1,0,0,circuit=linear_4_repeated_remote;qiskit_optimization_level=3;qiskit_seed=1,linear_4_repeated_remote,benchmark circuit
EX-C3,77,ext_2304_08814v2_claim5,11.0,13.0,CNOT gate count (TKET vs Qiskit),2.0,1,0,0,circuit=linear_4_repeated_remote;qiskit_optimization_level=3;qiskit_seed=2,linear_4_repeated_remote,benchmark circuit
EX-C3,78,ext_2304_08814v2_claim5,11.0,13.0,CNOT gate count (TKET vs Qiskit),2.0,1,0,0,circuit=linear_4_repeated_remote;qiskit_optimization_level=3;qiskit_seed=3,linear_4_repeated_remote,benchmark circuit
EX-C3,79,ext_2304_08814v2_claim5,11.0,13.0,CNOT gate count (TKET vs Qiskit),2.0,1,0,0,circuit=linear_4_repeated_remote;qiskit_optimization_level=3;qiskit_seed=4,linear_4_repeated_remote,benchmark circuit
EX-C5,0,ext_2409_08844v2_claim4,4.0,9.0,two-qubit gate depth (TKET vs Qiskit),5.0,1,0,0,circuit=linear_3_remote_cx;qiskit_optimization_level=0;qiskit_seed=0,linear_3_remote_cx,benchmark circuit
EX-C5,1,ext_2409_08844v2_claim4,4.0,9.0,two-qubit gate depth (TKET vs Qiskit),5.0,1,0,0,circuit=linear_3_remote_cx;qiskit_optimization_level=0;qiskit_seed=1,linear_3_remote_cx,benchmark circuit
EX-C5,2,ext_2409_08844v2_claim4,4.0,9.0,two-qubit gate depth (TKET vs Qiskit),5.0,1,0,0,circuit=linear_3_remote_cx;qiskit_optimization_level=0;qiskit_seed=2,linear_3_remote_cx,benchmark circuit
EX-C5,3,ext_2409_08844v2_claim4,4.0,9.0,two-qubit gate depth (TKET vs Qiskit),5.0,1,0,0,circuit=linear_3_remote_cx;qiskit_optimization_level=0;qiskit_seed=3,linear_3_remote_cx,benchmark circuit
EX-C5,4,ext_2409_08844v2_claim4,4.0,9.0,two-qubit gate depth (TKET vs Qiskit),5.0,1,0,0,circuit=linear_3_remote_cx;qiskit_optimization_level=0;qiskit_seed=4,linear_3_remote_cx,benchmark circuit
EX-C5,5,ext_2409_08844v2_claim4,4.0,6.0,two-qubit gate depth (TKET vs Qiskit),2.0,1,0,0,circuit=linear_3_remote_cx;qiskit_optimization_level=1;qiskit_seed=0,linear_3_remote_cx,benchmark circuit
EX-C5,6,ext_2409_08844v2_claim4,4.0,6.0,two-qubit gate depth (TKET vs Qiskit),2.0,1,0,0,circuit=linear_3_remote_cx;qiskit_optimization_level=1;qiskit_seed=1,linear_3_remote_cx,benchmark circuit
EX-C5,7,ext_2409_08844v2_claim4,4.0,6.0,two-qubit gate depth (TKET vs Qiskit),2.0,1,0,0,circuit=linear_3_remote_cx;qiskit_optimization_level=1;qiskit_seed=2,linear_3_remote_cx,benchmark circuit
EX-C5,8,ext_2409_08844v2_claim4,4.0,6.0,two-qubit gate depth (TKET vs Qiskit),2.0,1,0,0,circuit=linear_3_remote_cx;qiskit_optimization_level=1;qiskit_seed=3,linear_3_remote_cx,benchmark circuit
EX-C5,9,ext_2409_08844v2_claim4,4.0,4.0,two-qubit gate depth (TKET vs Qiskit),-0.0,0,0,1,circuit=linear_3_remote_cx;qiskit_optimization_level=1;qiskit_seed=4,linear_3_remote_cx,benchmark circuit
EX-C5,10,ext_2409_08844v2_claim4,4.0,6.0,two-qubit gate depth (TKET vs Qiskit),2.0,1,0,0,circuit=linear_3_remote_cx;qiskit_optimization_level=2;qiskit_seed=0,linear_3_remote_cx,benchmark circuit
EX-C5,11,ext_2409_08844v2_claim4,4.0,6.0,two-qubit gate depth (TKET vs Qiskit),2.0,1,0,0,circuit=linear_3_remote_cx;qiskit_optimization_level=2;qiskit_seed=1,linear_3_remote_cx,benchmark circuit
EX-C5,12,ext_2409_08844v2_claim4,4.0,6.0,two-qubit gate depth (TKET vs Qiskit),2.0,1,0,0,circuit=linear_3_remote_cx;qiskit_optimization_level=2;qiskit_seed=2,linear_3_remote_cx,benchmark circuit
EX-C5,13,ext_2409_08844v2_claim4,4.0,6.0,two-qubit gate depth (TKET vs Qiskit),2.0,1,0,0,circuit=linear_3_remote_cx;qiskit_optimization_level=2;qiskit_seed=3,linear_3_remote_cx,benchmark circuit
EX-C5,14,ext_2409_08844v2_claim4,4.0,4.0,two-qubit gate depth (TKET vs Qiskit),-0.0,0,0,1,circuit=linear_3_remote_cx;qiskit_optimization_level=2;qiskit_seed=4,linear_3_remote_cx,benchmark circuit
EX-C5,15,ext_2409_08844v2_claim4,4.0,6.0,two-qubit gate depth (TKET vs Qiskit),2.0,1,0,0,circuit=linear_3_remote_cx;qiskit_optimization_level=3;qiskit_seed=0,linear_3_remote_cx,benchmark circuit
EX-C5,16,ext_2409_08844v2_claim4,4.0,6.0,two-qubit gate depth (TKET vs Qiskit),2.0,1,0,0,circuit=linear_3_remote_cx;qiskit_optimization_level=3;qiskit_seed=1,linear_3_remote_cx,benchmark circuit
EX-C5,17,ext_2409_08844v2_claim4,4.0,6.0,two-qubit gate depth (TKET vs Qiskit),2.0,1,0,0,circuit=linear_3_remote_cx;qiskit_optimization_level=3;qiskit_seed=2,linear_3_remote_cx,benchmark circuit
EX-C5,18,ext_2409_08844v2_claim4,4.0,6.0,two-qubit gate depth (TKET vs Qiskit),2.0,1,0,0,circuit=linear_3_remote_cx;qiskit_optimization_level=3;qiskit_seed=3,linear_3_remote_cx,benchmark circuit
EX-C5,19,ext_2409_08844v2_claim4,4.0,4.0,two-qubit gate depth (TKET vs Qiskit),-0.0,0,0,1,circuit=linear_3_remote_cx;qiskit_optimization_level=3;qiskit_seed=4,linear_3_remote_cx,benchmark circuit
EX-C5,20,ext_2409_08844v2_claim4,9.0,13.0,two-qubit gate depth (TKET vs Qiskit),4.0,1,0,0,circuit=linear_4_crossing_ladder;qiskit_optimization_level=0;qiskit_seed=0,linear_4_crossing_ladder,benchmark circuit
EX-C5,21,ext_2409_08844v2_claim4,9.0,16.0,two-qubit gate depth (TKET vs Qiskit),7.0,1,0,0,circuit=linear_4_crossing_ladder;qiskit_optimization_level=0;qiskit_seed=1,linear_4_crossing_ladder,benchmark circuit
EX-C5,22,ext_2409_08844v2_claim4,9.0,13.0,two-qubit gate depth (TKET vs Qiskit),4.0,1,0,0,circuit=linear_4_crossing_ladder;qiskit_optimization_level=0;qiskit_seed=2,linear_4_crossing_ladder,benchmark circuit
EX-C5,23,ext_2409_08844v2_claim4,9.0,13.0,two-qubit gate depth (TKET vs Qiskit),4.0,1,0,0,circuit=linear_4_crossing_ladder;qiskit_optimization_level=0;qiskit_seed=3,linear_4_crossing_ladder,benchmark circuit
EX-C5,24,ext_2409_08844v2_claim4,9.0,16.0,two-qubit gate depth (TKET vs Qiskit),7.0,1,0,0,circuit=linear_4_crossing_ladder;qiskit_optimization_level=0;qiskit_seed=4,linear_4_crossing_ladder,benchmark circuit
EX-C5,25,ext_2409_08844v2_claim4,9.0,7.0,two-qubit gate depth (TKET vs Qiskit),-2.0,0,1,0,circuit=linear_4_crossing_ladder;qiskit_optimization_level=1;qiskit_seed=0,linear_4_crossing_ladder,benchmark circuit
EX-C5,26,ext_2409_08844v2_claim4,9.0,7.0,two-qubit gate depth (TKET vs Qiskit),-2.0,0,1,0,circuit=linear_4_crossing_ladder;qiskit_optimization_level=1;qiskit_seed=1,linear_4_crossing_ladder,benchmark circuit
EX-C5,27,ext_2409_08844v2_claim4,9.0,7.0,two-qubit gate depth (TKET vs Qiskit),-2.0,0,1,0,circuit=linear_4_crossing_ladder;qiskit_optimization_level=1;qiskit_seed=2,linear_4_crossing_ladder,benchmark circuit
EX-C5,28,ext_2409_08844v2_claim4,9.0,7.0,two-qubit gate depth (TKET vs Qiskit),-2.0,0,1,0,circuit=linear_4_crossing_ladder;qiskit_optimization_level=1;qiskit_seed=3,linear_4_crossing_ladder,benchmark circuit
EX-C5,29,ext_2409_08844v2_claim4,9.0,7.0,two-qubit gate depth (TKET vs Qiskit),-2.0,0,1,0,circuit=linear_4_crossing_ladder;qiskit_optimization_level=1;qiskit_seed=4,linear_4_crossing_ladder,benchmark circuit
EX-C5,30,ext_2409_08844v2_claim4,9.0,7.0,two-qubit gate depth (TKET vs Qiskit),-2.0,0,1,0,circuit=linear_4_crossing_ladder;qiskit_optimization_level=2;qiskit_seed=0,linear_4_crossing_ladder,benchmark circuit
EX-C5,31,ext_2409_08844v2_claim4,9.0,7.0,two-qubit gate depth (TKET vs Qiskit),-2.0,0,1,0,circuit=linear_4_crossing_ladder;qiskit_optimization_level=2;qiskit_seed=1,linear_4_crossing_ladder,benchmark circuit
EX-C5,32,ext_2409_08844v2_claim4,9.0,7.0,two-qubit gate depth (TKET vs Qiskit),-2.0,0,1,0,circuit=linear_4_crossing_ladder;qiskit_optimization_level=2;qiskit_seed=2,linear_4_crossing_ladder,benchmark circuit
EX-C5,33,ext_2409_08844v2_claim4,9.0,7.0,two-qubit gate depth (TKET vs Qiskit),-2.0,0,1,0,circuit=linear_4_crossing_ladder;qiskit_optimization_level=2;qiskit_seed=3,linear_4_crossing_ladder,benchmark circuit
EX-C5,34,ext_2409_08844v2_claim4,9.0,7.0,two-qubit gate depth (TKET vs Qiskit),-2.0,0,1,0,circuit=linear_4_crossing_ladder;qiskit_optimization_level=2;qiskit_seed=4,linear_4_crossing_ladder,benchmark circuit
EX-C5,35,ext_2409_08844v2_claim4,9.0,7.0,two-qubit gate depth (TKET vs Qiskit),-2.0,0,1,0,circuit=linear_4_crossing_ladder;qiskit_optimization_level=3;qiskit_seed=0,linear_4_crossing_ladder,benchmark circuit
EX-C5,36,ext_2409_08844v2_claim4,9.0,7.0,two-qubit gate depth (TKET vs Qiskit),-2.0,0,1,0,circuit=linear_4_crossing_ladder;qiskit_optimization_level=3;qiskit_seed=1,linear_4_crossing_ladder,benchmark circuit
EX-C5,37,ext_2409_08844v2_claim4,9.0,7.0,two-qubit gate depth (TKET vs Qiskit),-2.0,0,1,0,circuit=linear_4_crossing_ladder;qiskit_optimization_level=3;qiskit_seed=2,linear_4_crossing_ladder,benchmark circuit
EX-C5,38,ext_2409_08844v2_claim4,9.0,7.0,two-qubit gate depth (TKET vs Qiskit),-2.0,0,1,0,circuit=linear_4_crossing_ladder;qiskit_optimization_level=3;qiskit_seed=3,linear_4_crossing_ladder,benchmark circuit
EX-C5,39,ext_2409_08844v2_claim4,9.0,7.0,two-qubit gate depth (TKET vs Qiskit),-2.0,0,1,0,circuit=linear_4_crossing_ladder;qiskit_optimization_level=3;qiskit_seed=4,linear_4_crossing_ladder,benchmark circuit
EX-C5,40,ext_2409_08844v2_claim4,12.0,24.0,two-qubit gate depth (TKET vs Qiskit),12.0,1,0,0,circuit=linear_4_bidirectional_mix;qiskit_optimization_level=0;qiskit_seed=0,linear_4_bidirectional_mix,benchmark circuit
EX-C5,41,ext_2409_08844v2_claim4,12.0,24.0,two-qubit gate depth (TKET vs Qiskit),12.0,1,0,0,circuit=linear_4_bidirectional_mix;qiskit_optimization_level=0;qiskit_seed=1,linear_4_bidirectional_mix,benchmark circuit
EX-C5,42,ext_2409_08844v2_claim4,12.0,21.0,two-qubit gate depth (TKET vs Qiskit),9.0,1,0,0,circuit=linear_4_bidirectional_mix;qiskit_optimization_level=0;qiskit_seed=2,linear_4_bidirectional_mix,benchmark circuit
EX-C5,43,ext_2409_08844v2_claim4,12.0,21.0,two-qubit gate depth (TKET vs Qiskit),9.0,1,0,0,circuit=linear_4_bidirectional_mix;qiskit_optimization_level=0;qiskit_seed=3,linear_4_bidirectional_mix,benchmark circuit
EX-C5,44,ext_2409_08844v2_claim4,12.0,21.0,two-qubit gate depth (TKET vs Qiskit),9.0,1,0,0,circuit=linear_4_bidirectional_mix;qiskit_optimization_level=0;qiskit_seed=4,linear_4_bidirectional_mix,benchmark circuit
EX-C5,45,ext_2409_08844v2_claim4,12.0,14.0,two-qubit gate depth (TKET vs Qiskit),2.0,1,0,0,circuit=linear_4_bidirectional_mix;qiskit_optimization_level=1;qiskit_seed=0,linear_4_bidirectional_mix,benchmark circuit
EX-C5,46,ext_2409_08844v2_claim4,12.0,14.0,two-qubit gate depth (TKET vs Qiskit),2.0,1,0,0,circuit=linear_4_bidirectional_mix;qiskit_optimization_level=1;qiskit_seed=1,linear_4_bidirectional_mix,benchmark circuit
EX-C5,47,ext_2409_08844v2_claim4,12.0,14.0,two-qubit gate depth (TKET vs Qiskit),2.0,1,0,0,circuit=linear_4_bidirectional_mix;qiskit_optimization_level=1;qiskit_seed=2,linear_4_bidirectional_mix,benchmark circuit
EX-C5,48,ext_2409_08844v2_claim4,12.0,14.0,two-qubit gate depth (TKET vs Qiskit),2.0,1,0,0,circuit=linear_4_bidirectional_mix;qiskit_optimization_level=1;qiskit_seed=3,linear_4_bidirectional_mix,benchmark circuit
EX-C5,49,ext_2409_08844v2_claim4,12.0,10.0,two-qubit gate depth (TKET vs Qiskit),-2.0,0,1,0,circuit=linear_4_bidirectional_mix;qiskit_optimization_level=1;qiskit_seed=4,linear_4_bidirectional_mix,benchmark circuit
EX-C5,50,ext_2409_08844v2_claim4,12.0,14.0,two-qubit gate depth (TKET vs Qiskit),2.0,1,0,0,circuit=linear_4_bidirectional_mix;qiskit_optimization_level=2;qiskit_seed=0,linear_4_bidirectional_mix,benchmark circuit
EX-C5,51,ext_2409_08844v2_claim4,12.0,14.0,two-qubit gate depth (TKET vs Qiskit),2.0,1,0,0,circuit=linear_4_bidirectional_mix;qiskit_optimization_level=2;qiskit_seed=1,linear_4_bidirectional_mix,benchmark circuit
EX-C5,52,ext_2409_08844v2_claim4,12.0,14.0,two-qubit gate depth (TKET vs Qiskit),2.0,1,0,0,circuit=linear_4_bidirectional_mix;qiskit_optimization_level=2;qiskit_seed=2,linear_4_bidirectional_mix,benchmark circuit
EX-C5,53,ext_2409_08844v2_claim4,12.0,14.0,two-qubit gate depth (TKET vs Qiskit),2.0,1,0,0,circuit=linear_4_bidirectional_mix;qiskit_optimization_level=2;qiskit_seed=3,linear_4_bidirectional_mix,benchmark circuit
EX-C5,54,ext_2409_08844v2_claim4,12.0,10.0,two-qubit gate depth (TKET vs Qiskit),-2.0,0,1,0,circuit=linear_4_bidirectional_mix;qiskit_optimization_level=2;qiskit_seed=4,linear_4_bidirectional_mix,benchmark circuit
EX-C5,55,ext_2409_08844v2_claim4,12.0,14.0,two-qubit gate depth (TKET vs Qiskit),2.0,1,0,0,circuit=linear_4_bidirectional_mix;qiskit_optimization_level=3;qiskit_seed=0,linear_4_bidirectional_mix,benchmark circuit
EX-C5,56,ext_2409_08844v2_claim4,12.0,14.0,two-qubit gate depth (TKET vs Qiskit),2.0,1,0,0,circuit=linear_4_bidirectional_mix;qiskit_optimization_level=3;qiskit_seed=1,linear_4_bidirectional_mix,benchmark circuit
EX-C5,57,ext_2409_08844v2_claim4,12.0,14.0,two-qubit gate depth (TKET vs Qiskit),2.0,1,0,0,circuit=linear_4_bidirectional_mix;qiskit_optimization_level=3;qiskit_seed=2,linear_4_bidirectional_mix,benchmark circuit
EX-C5,58,ext_2409_08844v2_claim4,12.0,14.0,two-qubit gate depth (TKET vs Qiskit),2.0,1,0,0,circuit=linear_4_bidirectional_mix;qiskit_optimization_level=3;qiskit_seed=3,linear_4_bidirectional_mix,benchmark circuit
EX-C5,59,ext_2409_08844v2_claim4,12.0,10.0,two-qubit gate depth (TKET vs Qiskit),-2.0,0,1,0,circuit=linear_4_bidirectional_mix;qiskit_optimization_level=3;qiskit_seed=4,linear_4_bidirectional_mix,benchmark circuit
EX-C5,60,ext_2409_08844v2_claim4,9.0,15.0,two-qubit gate depth (TKET vs Qiskit),6.0,1,0,0,circuit=linear_4_repeated_remote;qiskit_optimization_level=0;qiskit_seed=0,linear_4_repeated_remote,benchmark circuit
EX-C5,61,ext_2409_08844v2_claim4,9.0,17.0,two-qubit gate depth (TKET vs Qiskit),8.0,1,0,0,circuit=linear_4_repeated_remote;qiskit_optimization_level=0;qiskit_seed=1,linear_4_repeated_remote,benchmark circuit
EX-C5,62,ext_2409_08844v2_claim4,9.0,15.0,two-qubit gate depth (TKET vs Qiskit),6.0,1,0,0,circuit=linear_4_repeated_remote;qiskit_optimization_level=0;qiskit_seed=2,linear_4_repeated_remote,benchmark circuit
EX-C5,63,ext_2409_08844v2_claim4,9.0,15.0,two-qubit gate depth (TKET vs Qiskit),6.0,1,0,0,circuit=linear_4_repeated_remote;qiskit_optimization_level=0;qiskit_seed=3,linear_4_repeated_remote,benchmark circuit
EX-C5,64,ext_2409_08844v2_claim4,9.0,17.0,two-qubit gate depth (TKET vs Qiskit),8.0,1,0,0,circuit=linear_4_repeated_remote;qiskit_optimization_level=0;qiskit_seed=4,linear_4_repeated_remote,benchmark circuit
EX-C5,65,ext_2409_08844v2_claim4,9.0,9.0,two-qubit gate depth (TKET vs Qiskit),-0.0,0,0,1,circuit=linear_4_repeated_remote;qiskit_optimization_level=1;qiskit_seed=0,linear_4_repeated_remote,benchmark circuit
EX-C5,66,ext_2409_08844v2_claim4,9.0,8.0,two-qubit gate depth (TKET vs Qiskit),-1.0,0,1,0,circuit=linear_4_repeated_remote;qiskit_optimization_level=1;qiskit_seed=1,linear_4_repeated_remote,benchmark circuit
EX-C5,67,ext_2409_08844v2_claim4,9.0,9.0,two-qubit gate depth (TKET vs Qiskit),-0.0,0,0,1,circuit=linear_4_repeated_remote;qiskit_optimization_level=1;qiskit_seed=2,linear_4_repeated_remote,benchmark circuit
EX-C5,68,ext_2409_08844v2_claim4,9.0,9.0,two-qubit gate depth (TKET vs Qiskit),-0.0,0,0,1,circuit=linear_4_repeated_remote;qiskit_optimization_level=1;qiskit_seed=3,linear_4_repeated_remote,benchmark circuit
EX-C5,69,ext_2409_08844v2_claim4,9.0,9.0,two-qubit gate depth (TKET vs Qiskit),-0.0,0,0,1,circuit=linear_4_repeated_remote;qiskit_optimization_level=1;qiskit_seed=4,linear_4_repeated_remote,benchmark circuit
EX-C5,70,ext_2409_08844v2_claim4,9.0,9.0,two-qubit gate depth (TKET vs Qiskit),-0.0,0,0,1,circuit=linear_4_repeated_remote;qiskit_optimization_level=2;qiskit_seed=0,linear_4_repeated_remote,benchmark circuit
EX-C5,71,ext_2409_08844v2_claim4,9.0,8.0,two-qubit gate depth (TKET vs Qiskit),-1.0,0,1,0,circuit=linear_4_repeated_remote;qiskit_optimization_level=2;qiskit_seed=1,linear_4_repeated_remote,benchmark circuit
EX-C5,72,ext_2409_08844v2_claim4,9.0,9.0,two-qubit gate depth (TKET vs Qiskit),-0.0,0,0,1,circuit=linear_4_repeated_remote;qiskit_optimization_level=2;qiskit_seed=2,linear_4_repeated_remote,benchmark circuit
EX-C5,73,ext_2409_08844v2_claim4,9.0,9.0,two-qubit gate depth (TKET vs Qiskit),-0.0,0,0,1,circuit=linear_4_repeated_remote;qiskit_optimization_level=2;qiskit_seed=3,linear_4_repeated_remote,benchmark circuit
EX-C5,74,ext_2409_08844v2_claim4,9.0,9.0,two-qubit gate depth (TKET vs Qiskit),-0.0,0,0,1,circuit=linear_4_repeated_remote;qiskit_optimization_level=2;qiskit_seed=4,linear_4_repeated_remote,benchmark circuit
EX-C5,75,ext_2409_08844v2_claim4,9.0,9.0,two-qubit gate depth (TKET vs Qiskit),-0.0,0,0,1,circuit=linear_4_repeated_remote;qiskit_optimization_level=3;qiskit_seed=0,linear_4_repeated_remote,benchmark circuit
EX-C5,76,ext_2409_08844v2_claim4,9.0,8.0,two-qubit gate depth (TKET vs Qiskit),-1.0,0,1,0,circuit=linear_4_repeated_remote;qiskit_optimization_level=3;qiskit_seed=1,linear_4_repeated_remote,benchmark circuit
EX-C5,77,ext_2409_08844v2_claim4,9.0,9.0,two-qubit gate depth (TKET vs Qiskit),-0.0,0,0,1,circuit=linear_4_repeated_remote;qiskit_optimization_level=3;qiskit_seed=2,linear_4_repeated_remote,benchmark circuit
EX-C5,78,ext_2409_08844v2_claim4,9.0,9.0,two-qubit gate depth (TKET vs Qiskit),-0.0,0,0,1,circuit=linear_4_repeated_remote;qiskit_optimization_level=3;qiskit_seed=3,linear_4_repeated_remote,benchmark circuit
EX-C5,79,ext_2409_08844v2_claim4,9.0,9.0,two-qubit gate depth (TKET vs Qiskit),-0.0,0,0,1,circuit=linear_4_repeated_remote;qiskit_optimization_level=3;qiskit_seed=4,linear_4_repeated_remote,benchmark circuit
EX-C6,0,ext_2202_14025v1_legacy_claim6,21.0,24.0,CX-depth overhead (pytket vs Qiskit),-3.0,0,1,0,random_seed=0;qiskit_optimization_level=0,0,random circuit instance (random_seed)
EX-C6,1,ext_2202_14025v1_legacy_claim6,21.0,21.0,CX-depth overhead (pytket vs Qiskit),0.0,0,0,1,random_seed=0;qiskit_optimization_level=1,0,random circuit instance (random_seed)
EX-C6,2,ext_2202_14025v1_legacy_claim6,21.0,20.0,CX-depth overhead (pytket vs Qiskit),1.0,1,0,0,random_seed=0;qiskit_optimization_level=2,0,random circuit instance (random_seed)
EX-C6,3,ext_2202_14025v1_legacy_claim6,21.0,20.0,CX-depth overhead (pytket vs Qiskit),1.0,1,0,0,random_seed=0;qiskit_optimization_level=3,0,random circuit instance (random_seed)
EX-C6,4,ext_2202_14025v1_legacy_claim6,16.0,23.0,CX-depth overhead (pytket vs Qiskit),-7.0,0,1,0,random_seed=1;qiskit_optimization_level=0,1,random circuit instance (random_seed)
EX-C6,5,ext_2202_14025v1_legacy_claim6,16.0,16.0,CX-depth overhead (pytket vs Qiskit),0.0,0,0,1,random_seed=1;qiskit_optimization_level=1,1,random circuit instance (random_seed)
EX-C6,6,ext_2202_14025v1_legacy_claim6,16.0,16.0,CX-depth overhead (pytket vs Qiskit),0.0,0,0,1,random_seed=1;qiskit_optimization_level=2,1,random circuit instance (random_seed)
EX-C6,7,ext_2202_14025v1_legacy_claim6,16.0,16.0,CX-depth overhead (pytket vs Qiskit),0.0,0,0,1,random_seed=1;qiskit_optimization_level=3,1,random circuit instance (random_seed)
EX-C6,8,ext_2202_14025v1_legacy_claim6,19.0,24.0,CX-depth overhead (pytket vs Qiskit),-5.0,0,1,0,random_seed=2;qiskit_optimization_level=0,2,random circuit instance (random_seed)
EX-C6,9,ext_2202_14025v1_legacy_claim6,19.0,19.0,CX-depth overhead (pytket vs Qiskit),0.0,0,0,1,random_seed=2;qiskit_optimization_level=1,2,random circuit instance (random_seed)
EX-C6,10,ext_2202_14025v1_legacy_claim6,19.0,15.0,CX-depth overhead (pytket vs Qiskit),4.0,1,0,0,random_seed=2;qiskit_optimization_level=2,2,random circuit instance (random_seed)
EX-C6,11,ext_2202_14025v1_legacy_claim6,19.0,15.0,CX-depth overhead (pytket vs Qiskit),4.0,1,0,0,random_seed=2;qiskit_optimization_level=3,2,random circuit instance (random_seed)
EX-C6,12,ext_2202_14025v1_legacy_claim6,20.0,30.0,CX-depth overhead (pytket vs Qiskit),-10.0,0,1,0,random_seed=3;qiskit_optimization_level=0,3,random circuit instance (random_seed)
EX-C6,13,ext_2202_14025v1_legacy_claim6,20.0,20.0,CX-depth overhead (pytket vs Qiskit),0.0,0,0,1,random_seed=3;qiskit_optimization_level=1,3,random circuit instance (random_seed)
EX-C6,14,ext_2202_14025v1_legacy_claim6,20.0,19.0,CX-depth overhead (pytket vs Qiskit),1.0,1,0,0,random_seed=3;qiskit_optimization_level=2,3,random circuit instance (random_seed)
EX-C6,15,ext_2202_14025v1_legacy_claim6,20.0,19.0,CX-depth overhead (pytket vs Qiskit),1.0,1,0,0,random_seed=3;qiskit_optimization_level=3,3,random circuit instance (random_seed)
EX-C6,16,ext_2202_14025v1_legacy_claim6,22.0,29.0,CX-depth overhead (pytket vs Qiskit),-7.0,0,1,0,random_seed=4;qiskit_optimization_level=0,4,random circuit instance (random_seed)
EX-C6,17,ext_2202_14025v1_legacy_claim6,22.0,22.0,CX-depth overhead (pytket vs Qiskit),0.0,0,0,1,random_seed=4;qiskit_optimization_level=1,4,random circuit instance (random_seed)
EX-C6,18,ext_2202_14025v1_legacy_claim6,22.0,19.0,CX-depth overhead (pytket vs Qiskit),3.0,1,0,0,random_seed=4;qiskit_optimization_level=2,4,random circuit instance (random_seed)
EX-C6,19,ext_2202_14025v1_legacy_claim6,22.0,19.0,CX-depth overhead (pytket vs Qiskit),3.0,1,0,0,random_seed=4;qiskit_optimization_level=3,4,random circuit instance (random_seed)
EX-C6,20,ext_2202_14025v1_legacy_claim6,14.0,29.0,CX-depth overhead (pytket vs Qiskit),-15.0,0,1,0,random_seed=5;qiskit_optimization_level=0,5,random circuit instance (random_seed)
EX-C6,21,ext_2202_14025v1_legacy_claim6,14.0,14.0,CX-depth overhead (pytket vs Qiskit),0.0,0,0,1,random_seed=5;qiskit_optimization_level=1,5,random circuit instance (random_seed)
EX-C6,22,ext_2202_14025v1_legacy_claim6,14.0,14.0,CX-depth overhead (pytket vs Qiskit),0.0,0,0,1,random_seed=5;qiskit_optimization_level=2,5,random circuit instance (random_seed)
EX-C6,23,ext_2202_14025v1_legacy_claim6,14.0,14.0,CX-depth overhead (pytket vs Qiskit),0.0,0,0,1,random_seed=5;qiskit_optimization_level=3,5,random circuit instance (random_seed)
EX-C6,24,ext_2202_14025v1_legacy_claim6,17.0,32.0,CX-depth overhead (pytket vs Qiskit),-15.0,0,1,0,random_seed=6;qiskit_optimization_level=0,6,random circuit instance (random_seed)
EX-C6,25,ext_2202_14025v1_legacy_claim6,17.0,17.0,CX-depth overhead (pytket vs Qiskit),0.0,0,0,1,random_seed=6;qiskit_optimization_level=1,6,random circuit instance (random_seed)
EX-C6,26,ext_2202_14025v1_legacy_claim6,17.0,16.0,CX-depth overhead (pytket vs Qiskit),1.0,1,0,0,random_seed=6;qiskit_optimization_level=2,6,random circuit instance (random_seed)
EX-C6,27,ext_2202_14025v1_legacy_claim6,17.0,16.0,CX-depth overhead (pytket vs Qiskit),1.0,1,0,0,random_seed=6;qiskit_optimization_level=3,6,random circuit instance (random_seed)
EX-C6,28,ext_2202_14025v1_legacy_claim6,16.0,18.0,CX-depth overhead (pytket vs Qiskit),-2.0,0,1,0,random_seed=7;qiskit_optimization_level=0,7,random circuit instance (random_seed)
EX-C6,29,ext_2202_14025v1_legacy_claim6,16.0,16.0,CX-depth overhead (pytket vs Qiskit),0.0,0,0,1,random_seed=7;qiskit_optimization_level=1,7,random circuit instance (random_seed)
EX-C6,30,ext_2202_14025v1_legacy_claim6,16.0,10.0,CX-depth overhead (pytket vs Qiskit),6.0,1,0,0,random_seed=7;qiskit_optimization_level=2,7,random circuit instance (random_seed)
EX-C6,31,ext_2202_14025v1_legacy_claim6,16.0,10.0,CX-depth overhead (pytket vs Qiskit),6.0,1,0,0,random_seed=7;qiskit_optimization_level=3,7,random circuit instance (random_seed)
EX-C6,32,ext_2202_14025v1_legacy_claim6,16.0,27.0,CX-depth overhead (pytket vs Qiskit),-11.0,0,1,0,random_seed=8;qiskit_optimization_level=0,8,random circuit instance (random_seed)
EX-C6,33,ext_2202_14025v1_legacy_claim6,16.0,16.0,CX-depth overhead (pytket vs Qiskit),0.0,0,0,1,random_seed=8;qiskit_optimization_level=1,8,random circuit instance (random_seed)
EX-C6,34,ext_2202_14025v1_legacy_claim6,16.0,12.0,CX-depth overhead (pytket vs Qiskit),4.0,1,0,0,random_seed=8;qiskit_optimization_level=2,8,random circuit instance (random_seed)
EX-C6,35,ext_2202_14025v1_legacy_claim6,16.0,12.0,CX-depth overhead (pytket vs Qiskit),4.0,1,0,0,random_seed=8;qiskit_optimization_level=3,8,random circuit instance (random_seed)
EX-C6,36,ext_2202_14025v1_legacy_claim6,16.0,32.0,CX-depth overhead (pytket vs Qiskit),-16.0,0,1,0,random_seed=9;qiskit_optimization_level=0,9,random circuit instance (random_seed)
EX-C6,37,ext_2202_14025v1_legacy_claim6,16.0,16.0,CX-depth overhead (pytket vs Qiskit),0.0,0,0,1,random_seed=9;qiskit_optimization_level=1,9,random circuit instance (random_seed)
EX-C6,38,ext_2202_14025v1_legacy_claim6,16.0,15.0,CX-depth overhead (pytket vs Qiskit),1.0,1,0,0,random_seed=9;qiskit_optimization_level=2,9,random circuit instance (random_seed)
EX-C6,39,ext_2202_14025v1_legacy_claim6,16.0,15.0,CX-depth overhead (pytket vs Qiskit),1.0,1,0,0,random_seed=9;qiskit_optimization_level=3,9,random circuit instance (random_seed)
EX-C6,40,ext_2202_14025v1_legacy_claim6,18.0,30.0,CX-depth overhead (pytket vs Qiskit),-12.0,0,1,0,random_seed=10;qiskit_optimization_level=0,10,random circuit instance (random_seed)
EX-C6,41,ext_2202_14025v1_legacy_claim6,18.0,18.0,CX-depth overhead (pytket vs Qiskit),0.0,0,0,1,random_seed=10;qiskit_optimization_level=1,10,random circuit instance (random_seed)
EX-C6,42,ext_2202_14025v1_legacy_claim6,18.0,10.0,CX-depth overhead (pytket vs Qiskit),8.0,1,0,0,random_seed=10;qiskit_optimization_level=2,10,random circuit instance (random_seed)
EX-C6,43,ext_2202_14025v1_legacy_claim6,18.0,10.0,CX-depth overhead (pytket vs Qiskit),8.0,1,0,0,random_seed=10;qiskit_optimization_level=3,10,random circuit instance (random_seed)
EX-C6,44,ext_2202_14025v1_legacy_claim6,20.0,27.0,CX-depth overhead (pytket vs Qiskit),-7.0,0,1,0,random_seed=11;qiskit_optimization_level=0,11,random circuit instance (random_seed)
EX-C6,45,ext_2202_14025v1_legacy_claim6,20.0,20.0,CX-depth overhead (pytket vs Qiskit),0.0,0,0,1,random_seed=11;qiskit_optimization_level=1,11,random circuit instance (random_seed)
EX-C6,46,ext_2202_14025v1_legacy_claim6,20.0,18.0,CX-depth overhead (pytket vs Qiskit),2.0,1,0,0,random_seed=11;qiskit_optimization_level=2,11,random circuit instance (random_seed)
EX-C6,47,ext_2202_14025v1_legacy_claim6,20.0,18.0,CX-depth overhead (pytket vs Qiskit),2.0,1,0,0,random_seed=11;qiskit_optimization_level=3,11,random circuit instance (random_seed)
EX-C6,48,ext_2202_14025v1_legacy_claim6,19.0,30.0,CX-depth overhead (pytket vs Qiskit),-11.0,0,1,0,random_seed=12;qiskit_optimization_level=0,12,random circuit instance (random_seed)
EX-C6,49,ext_2202_14025v1_legacy_claim6,19.0,19.0,CX-depth overhead (pytket vs Qiskit),0.0,0,0,1,random_seed=12;qiskit_optimization_level=1,12,random circuit instance (random_seed)
EX-C6,50,ext_2202_14025v1_legacy_claim6,19.0,18.0,CX-depth overhead (pytket vs Qiskit),1.0,1,0,0,random_seed=12;qiskit_optimization_level=2,12,random circuit instance (random_seed)
EX-C6,51,ext_2202_14025v1_legacy_claim6,19.0,18.0,CX-depth overhead (pytket vs Qiskit),1.0,1,0,0,random_seed=12;qiskit_optimization_level=3,12,random circuit instance (random_seed)
EX-C6,52,ext_2202_14025v1_legacy_claim6,20.0,23.0,CX-depth overhead (pytket vs Qiskit),-3.0,0,1,0,random_seed=13;qiskit_optimization_level=0,13,random circuit instance (random_seed)
EX-C6,53,ext_2202_14025v1_legacy_claim6,20.0,20.0,CX-depth overhead (pytket vs Qiskit),0.0,0,0,1,random_seed=13;qiskit_optimization_level=1,13,random circuit instance (random_seed)
EX-C6,54,ext_2202_14025v1_legacy_claim6,20.0,12.0,CX-depth overhead (pytket vs Qiskit),8.0,1,0,0,random_seed=13;qiskit_optimization_level=2,13,random circuit instance (random_seed)
EX-C6,55,ext_2202_14025v1_legacy_claim6,20.0,12.0,CX-depth overhead (pytket vs Qiskit),8.0,1,0,0,random_seed=13;qiskit_optimization_level=3,13,random circuit instance (random_seed)
EX-C6,56,ext_2202_14025v1_legacy_claim6,18.0,26.0,CX-depth overhead (pytket vs Qiskit),-8.0,0,1,0,random_seed=14;qiskit_optimization_level=0,14,random circuit instance (random_seed)
EX-C6,57,ext_2202_14025v1_legacy_claim6,18.0,18.0,CX-depth overhead (pytket vs Qiskit),0.0,0,0,1,random_seed=14;qiskit_optimization_level=1,14,random circuit instance (random_seed)
EX-C6,58,ext_2202_14025v1_legacy_claim6,18.0,14.0,CX-depth overhead (pytket vs Qiskit),4.0,1,0,0,random_seed=14;qiskit_optimization_level=2,14,random circuit instance (random_seed)
EX-C6,59,ext_2202_14025v1_legacy_claim6,18.0,14.0,CX-depth overhead (pytket vs Qiskit),4.0,1,0,0,random_seed=14;qiskit_optimization_level=3,14,random circuit instance (random_seed)
EX-C6,60,ext_2202_14025v1_legacy_claim6,17.0,31.0,CX-depth overhead (pytket vs Qiskit),-14.0,0,1,0,random_seed=15;qiskit_optimization_level=0,15,random circuit instance (random_seed)
EX-C6,61,ext_2202_14025v1_legacy_claim6,17.0,17.0,CX-depth overhead (pytket vs Qiskit),0.0,0,0,1,random_seed=15;qiskit_optimization_level=1,15,random circuit instance (random_seed)
EX-C6,62,ext_2202_14025v1_legacy_claim6,17.0,13.0,CX-depth overhead (pytket vs Qiskit),4.0,1,0,0,random_seed=15;qiskit_optimization_level=2,15,random circuit instance (random_seed)
EX-C6,63,ext_2202_14025v1_legacy_claim6,17.0,13.0,CX-depth overhead (pytket vs Qiskit),4.0,1,0,0,random_seed=15;qiskit_optimization_level=3,15,random circuit instance (random_seed)
EX-C6,64,ext_2202_14025v1_legacy_claim6,15.0,19.0,CX-depth overhead (pytket vs Qiskit),-4.0,0,1,0,random_seed=16;qiskit_optimization_level=0,16,random circuit instance (random_seed)
EX-C6,65,ext_2202_14025v1_legacy_claim6,15.0,15.0,CX-depth overhead (pytket vs Qiskit),0.0,0,0,1,random_seed=16;qiskit_optimization_level=1,16,random circuit instance (random_seed)
EX-C6,66,ext_2202_14025v1_legacy_claim6,15.0,14.0,CX-depth overhead (pytket vs Qiskit),1.0,1,0,0,random_seed=16;qiskit_optimization_level=2,16,random circuit instance (random_seed)
EX-C6,67,ext_2202_14025v1_legacy_claim6,15.0,14.0,CX-depth overhead (pytket vs Qiskit),1.0,1,0,0,random_seed=16;qiskit_optimization_level=3,16,random circuit instance (random_seed)
EX-C6,68,ext_2202_14025v1_legacy_claim6,16.0,23.0,CX-depth overhead (pytket vs Qiskit),-7.0,0,1,0,random_seed=17;qiskit_optimization_level=0,17,random circuit instance (random_seed)
EX-C6,69,ext_2202_14025v1_legacy_claim6,16.0,16.0,CX-depth overhead (pytket vs Qiskit),0.0,0,0,1,random_seed=17;qiskit_optimization_level=1,17,random circuit instance (random_seed)
EX-C6,70,ext_2202_14025v1_legacy_claim6,16.0,16.0,CX-depth overhead (pytket vs Qiskit),0.0,0,0,1,random_seed=17;qiskit_optimization_level=2,17,random circuit instance (random_seed)
EX-C6,71,ext_2202_14025v1_legacy_claim6,16.0,16.0,CX-depth overhead (pytket vs Qiskit),0.0,0,0,1,random_seed=17;qiskit_optimization_level=3,17,random circuit instance (random_seed)
EX-C6,72,ext_2202_14025v1_legacy_claim6,25.0,30.0,CX-depth overhead (pytket vs Qiskit),-5.0,0,1,0,random_seed=18;qiskit_optimization_level=0,18,random circuit instance (random_seed)
EX-C6,73,ext_2202_14025v1_legacy_claim6,25.0,25.0,CX-depth overhead (pytket vs Qiskit),0.0,0,0,1,random_seed=18;qiskit_optimization_level=1,18,random circuit instance (random_seed)
EX-C6,74,ext_2202_14025v1_legacy_claim6,25.0,20.0,CX-depth overhead (pytket vs Qiskit),5.0,1,0,0,random_seed=18;qiskit_optimization_level=2,18,random circuit instance (random_seed)
EX-C6,75,ext_2202_14025v1_legacy_claim6,25.0,20.0,CX-depth overhead (pytket vs Qiskit),5.0,1,0,0,random_seed=18;qiskit_optimization_level=3,18,random circuit instance (random_seed)
EX-C6,76,ext_2202_14025v1_legacy_claim6,20.0,29.0,CX-depth overhead (pytket vs Qiskit),-9.0,0,1,0,random_seed=19;qiskit_optimization_level=0,19,random circuit instance (random_seed)
EX-C6,77,ext_2202_14025v1_legacy_claim6,20.0,20.0,CX-depth overhead (pytket vs Qiskit),0.0,0,0,1,random_seed=19;qiskit_optimization_level=1,19,random circuit instance (random_seed)
EX-C6,78,ext_2202_14025v1_legacy_claim6,20.0,11.0,CX-depth overhead (pytket vs Qiskit),9.0,1,0,0,random_seed=19;qiskit_optimization_level=2,19,random circuit instance (random_seed)
EX-C6,79,ext_2202_14025v1_legacy_claim6,20.0,11.0,CX-depth overhead (pytket vs Qiskit),9.0,1,0,0,random_seed=19;qiskit_optimization_level=3,19,random circuit instance (random_seed)
EX-C7,0,ext_2409_08844v2_claim3,4.0,9.0,two-qubit gate count (TKET vs Qiskit),-5.0,0,1,0,circuit=linear_3_remote_cx;qiskit_optimization_level=0;qiskit_seed=0,linear_3_remote_cx,benchmark circuit
EX-C7,1,ext_2409_08844v2_claim3,4.0,9.0,two-qubit gate count (TKET vs Qiskit),-5.0,0,1,0,circuit=linear_3_remote_cx;qiskit_optimization_level=0;qiskit_seed=1,linear_3_remote_cx,benchmark circuit
EX-C7,2,ext_2409_08844v2_claim3,4.0,9.0,two-qubit gate count (TKET vs Qiskit),-5.0,0,1,0,circuit=linear_3_remote_cx;qiskit_optimization_level=0;qiskit_seed=2,linear_3_remote_cx,benchmark circuit
EX-C7,3,ext_2409_08844v2_claim3,4.0,9.0,two-qubit gate count (TKET vs Qiskit),-5.0,0,1,0,circuit=linear_3_remote_cx;qiskit_optimization_level=0;qiskit_seed=3,linear_3_remote_cx,benchmark circuit
EX-C7,4,ext_2409_08844v2_claim3,4.0,9.0,two-qubit gate count (TKET vs Qiskit),-5.0,0,1,0,circuit=linear_3_remote_cx;qiskit_optimization_level=0;qiskit_seed=4,linear_3_remote_cx,benchmark circuit
EX-C7,5,ext_2409_08844v2_claim3,4.0,6.0,two-qubit gate count (TKET vs Qiskit),-2.0,0,1,0,circuit=linear_3_remote_cx;qiskit_optimization_level=1;qiskit_seed=0,linear_3_remote_cx,benchmark circuit
EX-C7,6,ext_2409_08844v2_claim3,4.0,6.0,two-qubit gate count (TKET vs Qiskit),-2.0,0,1,0,circuit=linear_3_remote_cx;qiskit_optimization_level=1;qiskit_seed=1,linear_3_remote_cx,benchmark circuit
EX-C7,7,ext_2409_08844v2_claim3,4.0,6.0,two-qubit gate count (TKET vs Qiskit),-2.0,0,1,0,circuit=linear_3_remote_cx;qiskit_optimization_level=1;qiskit_seed=2,linear_3_remote_cx,benchmark circuit
EX-C7,8,ext_2409_08844v2_claim3,4.0,6.0,two-qubit gate count (TKET vs Qiskit),-2.0,0,1,0,circuit=linear_3_remote_cx;qiskit_optimization_level=1;qiskit_seed=3,linear_3_remote_cx,benchmark circuit
EX-C7,9,ext_2409_08844v2_claim3,4.0,4.0,two-qubit gate count (TKET vs Qiskit),0.0,0,0,1,circuit=linear_3_remote_cx;qiskit_optimization_level=1;qiskit_seed=4,linear_3_remote_cx,benchmark circuit
EX-C7,10,ext_2409_08844v2_claim3,4.0,6.0,two-qubit gate count (TKET vs Qiskit),-2.0,0,1,0,circuit=linear_3_remote_cx;qiskit_optimization_level=2;qiskit_seed=0,linear_3_remote_cx,benchmark circuit
EX-C7,11,ext_2409_08844v2_claim3,4.0,6.0,two-qubit gate count (TKET vs Qiskit),-2.0,0,1,0,circuit=linear_3_remote_cx;qiskit_optimization_level=2;qiskit_seed=1,linear_3_remote_cx,benchmark circuit
EX-C7,12,ext_2409_08844v2_claim3,4.0,6.0,two-qubit gate count (TKET vs Qiskit),-2.0,0,1,0,circuit=linear_3_remote_cx;qiskit_optimization_level=2;qiskit_seed=2,linear_3_remote_cx,benchmark circuit
EX-C7,13,ext_2409_08844v2_claim3,4.0,6.0,two-qubit gate count (TKET vs Qiskit),-2.0,0,1,0,circuit=linear_3_remote_cx;qiskit_optimization_level=2;qiskit_seed=3,linear_3_remote_cx,benchmark circuit
EX-C7,14,ext_2409_08844v2_claim3,4.0,4.0,two-qubit gate count (TKET vs Qiskit),0.0,0,0,1,circuit=linear_3_remote_cx;qiskit_optimization_level=2;qiskit_seed=4,linear_3_remote_cx,benchmark circuit
EX-C7,15,ext_2409_08844v2_claim3,4.0,6.0,two-qubit gate count (TKET vs Qiskit),-2.0,0,1,0,circuit=linear_3_remote_cx;qiskit_optimization_level=3;qiskit_seed=0,linear_3_remote_cx,benchmark circuit
EX-C7,16,ext_2409_08844v2_claim3,4.0,6.0,two-qubit gate count (TKET vs Qiskit),-2.0,0,1,0,circuit=linear_3_remote_cx;qiskit_optimization_level=3;qiskit_seed=1,linear_3_remote_cx,benchmark circuit
EX-C7,17,ext_2409_08844v2_claim3,4.0,6.0,two-qubit gate count (TKET vs Qiskit),-2.0,0,1,0,circuit=linear_3_remote_cx;qiskit_optimization_level=3;qiskit_seed=2,linear_3_remote_cx,benchmark circuit
EX-C7,18,ext_2409_08844v2_claim3,4.0,6.0,two-qubit gate count (TKET vs Qiskit),-2.0,0,1,0,circuit=linear_3_remote_cx;qiskit_optimization_level=3;qiskit_seed=3,linear_3_remote_cx,benchmark circuit
EX-C7,19,ext_2409_08844v2_claim3,4.0,4.0,two-qubit gate count (TKET vs Qiskit),0.0,0,0,1,circuit=linear_3_remote_cx;qiskit_optimization_level=3;qiskit_seed=4,linear_3_remote_cx,benchmark circuit
EX-C7,20,ext_2409_08844v2_claim3,11.0,17.0,two-qubit gate count (TKET vs Qiskit),-6.0,0,1,0,circuit=linear_4_crossing_ladder;qiskit_optimization_level=0;qiskit_seed=0,linear_4_crossing_ladder,benchmark circuit
EX-C7,21,ext_2409_08844v2_claim3,11.0,20.0,two-qubit gate count (TKET vs Qiskit),-9.0,0,1,0,circuit=linear_4_crossing_ladder;qiskit_optimization_level=0;qiskit_seed=1,linear_4_crossing_ladder,benchmark circuit
EX-C7,22,ext_2409_08844v2_claim3,11.0,17.0,two-qubit gate count (TKET vs Qiskit),-6.0,0,1,0,circuit=linear_4_crossing_ladder;qiskit_optimization_level=0;qiskit_seed=2,linear_4_crossing_ladder,benchmark circuit
EX-C7,23,ext_2409_08844v2_claim3,11.0,17.0,two-qubit gate count (TKET vs Qiskit),-6.0,0,1,0,circuit=linear_4_crossing_ladder;qiskit_optimization_level=0;qiskit_seed=3,linear_4_crossing_ladder,benchmark circuit
EX-C7,24,ext_2409_08844v2_claim3,11.0,20.0,two-qubit gate count (TKET vs Qiskit),-9.0,0,1,0,circuit=linear_4_crossing_ladder;qiskit_optimization_level=0;qiskit_seed=4,linear_4_crossing_ladder,benchmark circuit
EX-C7,25,ext_2409_08844v2_claim3,11.0,11.0,two-qubit gate count (TKET vs Qiskit),0.0,0,0,1,circuit=linear_4_crossing_ladder;qiskit_optimization_level=1;qiskit_seed=0,linear_4_crossing_ladder,benchmark circuit
EX-C7,26,ext_2409_08844v2_claim3,11.0,11.0,two-qubit gate count (TKET vs Qiskit),0.0,0,0,1,circuit=linear_4_crossing_ladder;qiskit_optimization_level=1;qiskit_seed=1,linear_4_crossing_ladder,benchmark circuit
EX-C7,27,ext_2409_08844v2_claim3,11.0,11.0,two-qubit gate count (TKET vs Qiskit),0.0,0,0,1,circuit=linear_4_crossing_ladder;qiskit_optimization_level=1;qiskit_seed=2,linear_4_crossing_ladder,benchmark circuit
EX-C7,28,ext_2409_08844v2_claim3,11.0,11.0,two-qubit gate count (TKET vs Qiskit),0.0,0,0,1,circuit=linear_4_crossing_ladder;qiskit_optimization_level=1;qiskit_seed=3,linear_4_crossing_ladder,benchmark circuit
EX-C7,29,ext_2409_08844v2_claim3,11.0,11.0,two-qubit gate count (TKET vs Qiskit),0.0,0,0,1,circuit=linear_4_crossing_ladder;qiskit_optimization_level=1;qiskit_seed=4,linear_4_crossing_ladder,benchmark circuit
EX-C7,30,ext_2409_08844v2_claim3,11.0,11.0,two-qubit gate count (TKET vs Qiskit),0.0,0,0,1,circuit=linear_4_crossing_ladder;qiskit_optimization_level=2;qiskit_seed=0,linear_4_crossing_ladder,benchmark circuit
EX-C7,31,ext_2409_08844v2_claim3,11.0,11.0,two-qubit gate count (TKET vs Qiskit),0.0,0,0,1,circuit=linear_4_crossing_ladder;qiskit_optimization_level=2;qiskit_seed=1,linear_4_crossing_ladder,benchmark circuit
EX-C7,32,ext_2409_08844v2_claim3,11.0,11.0,two-qubit gate count (TKET vs Qiskit),0.0,0,0,1,circuit=linear_4_crossing_ladder;qiskit_optimization_level=2;qiskit_seed=2,linear_4_crossing_ladder,benchmark circuit
EX-C7,33,ext_2409_08844v2_claim3,11.0,11.0,two-qubit gate count (TKET vs Qiskit),0.0,0,0,1,circuit=linear_4_crossing_ladder;qiskit_optimization_level=2;qiskit_seed=3,linear_4_crossing_ladder,benchmark circuit
EX-C7,34,ext_2409_08844v2_claim3,11.0,11.0,two-qubit gate count (TKET vs Qiskit),0.0,0,0,1,circuit=linear_4_crossing_ladder;qiskit_optimization_level=2;qiskit_seed=4,linear_4_crossing_ladder,benchmark circuit
EX-C7,35,ext_2409_08844v2_claim3,11.0,11.0,two-qubit gate count (TKET vs Qiskit),0.0,0,0,1,circuit=linear_4_crossing_ladder;qiskit_optimization_level=3;qiskit_seed=0,linear_4_crossing_ladder,benchmark circuit
EX-C7,36,ext_2409_08844v2_claim3,11.0,11.0,two-qubit gate count (TKET vs Qiskit),0.0,0,0,1,circuit=linear_4_crossing_ladder;qiskit_optimization_level=3;qiskit_seed=1,linear_4_crossing_ladder,benchmark circuit
EX-C7,37,ext_2409_08844v2_claim3,11.0,11.0,two-qubit gate count (TKET vs Qiskit),0.0,0,0,1,circuit=linear_4_crossing_ladder;qiskit_optimization_level=3;qiskit_seed=2,linear_4_crossing_ladder,benchmark circuit
EX-C7,38,ext_2409_08844v2_claim3,11.0,11.0,two-qubit gate count (TKET vs Qiskit),0.0,0,0,1,circuit=linear_4_crossing_ladder;qiskit_optimization_level=3;qiskit_seed=3,linear_4_crossing_ladder,benchmark circuit
EX-C7,39,ext_2409_08844v2_claim3,11.0,11.0,two-qubit gate count (TKET vs Qiskit),0.0,0,0,1,circuit=linear_4_crossing_ladder;qiskit_optimization_level=3;qiskit_seed=4,linear_4_crossing_ladder,benchmark circuit
EX-C7,40,ext_2409_08844v2_claim3,12.0,24.0,two-qubit gate count (TKET vs Qiskit),-12.0,0,1,0,circuit=linear_4_bidirectional_mix;qiskit_optimization_level=0;qiskit_seed=0,linear_4_bidirectional_mix,benchmark circuit
EX-C7,41,ext_2409_08844v2_claim3,12.0,24.0,two-qubit gate count (TKET vs Qiskit),-12.0,0,1,0,circuit=linear_4_bidirectional_mix;qiskit_optimization_level=0;qiskit_seed=1,linear_4_bidirectional_mix,benchmark circuit
EX-C7,42,ext_2409_08844v2_claim3,12.0,24.0,two-qubit gate count (TKET vs Qiskit),-12.0,0,1,0,circuit=linear_4_bidirectional_mix;qiskit_optimization_level=0;qiskit_seed=2,linear_4_bidirectional_mix,benchmark circuit
EX-C7,43,ext_2409_08844v2_claim3,12.0,27.0,two-qubit gate count (TKET vs Qiskit),-15.0,0,1,0,circuit=linear_4_bidirectional_mix;qiskit_optimization_level=0;qiskit_seed=3,linear_4_bidirectional_mix,benchmark circuit
EX-C7,44,ext_2409_08844v2_claim3,12.0,24.0,two-qubit gate count (TKET vs Qiskit),-12.0,0,1,0,circuit=linear_4_bidirectional_mix;qiskit_optimization_level=0;qiskit_seed=4,linear_4_bidirectional_mix,benchmark circuit
EX-C7,45,ext_2409_08844v2_claim3,12.0,15.0,two-qubit gate count (TKET vs Qiskit),-3.0,0,1,0,circuit=linear_4_bidirectional_mix;qiskit_optimization_level=1;qiskit_seed=0,linear_4_bidirectional_mix,benchmark circuit
EX-C7,46,ext_2409_08844v2_claim3,12.0,15.0,two-qubit gate count (TKET vs Qiskit),-3.0,0,1,0,circuit=linear_4_bidirectional_mix;qiskit_optimization_level=1;qiskit_seed=1,linear_4_bidirectional_mix,benchmark circuit
EX-C7,47,ext_2409_08844v2_claim3,12.0,15.0,two-qubit gate count (TKET vs Qiskit),-3.0,0,1,0,circuit=linear_4_bidirectional_mix;qiskit_optimization_level=1;qiskit_seed=2,linear_4_bidirectional_mix,benchmark circuit
EX-C7,48,ext_2409_08844v2_claim3,12.0,15.0,two-qubit gate count (TKET vs Qiskit),-3.0,0,1,0,circuit=linear_4_bidirectional_mix;qiskit_optimization_level=1;qiskit_seed=3,linear_4_bidirectional_mix,benchmark circuit
EX-C7,49,ext_2409_08844v2_claim3,12.0,13.0,two-qubit gate count (TKET vs Qiskit),-1.0,0,1,0,circuit=linear_4_bidirectional_mix;qiskit_optimization_level=1;qiskit_seed=4,linear_4_bidirectional_mix,benchmark circuit
EX-C7,50,ext_2409_08844v2_claim3,12.0,15.0,two-qubit gate count (TKET vs Qiskit),-3.0,0,1,0,circuit=linear_4_bidirectional_mix;qiskit_optimization_level=2;qiskit_seed=0,linear_4_bidirectional_mix,benchmark circuit
EX-C7,51,ext_2409_08844v2_claim3,12.0,15.0,two-qubit gate count (TKET vs Qiskit),-3.0,0,1,0,circuit=linear_4_bidirectional_mix;qiskit_optimization_level=2;qiskit_seed=1,linear_4_bidirectional_mix,benchmark circuit
EX-C7,52,ext_2409_08844v2_claim3,12.0,15.0,two-qubit gate count (TKET vs Qiskit),-3.0,0,1,0,circuit=linear_4_bidirectional_mix;qiskit_optimization_level=2;qiskit_seed=2,linear_4_bidirectional_mix,benchmark circuit
EX-C7,53,ext_2409_08844v2_claim3,12.0,15.0,two-qubit gate count (TKET vs Qiskit),-3.0,0,1,0,circuit=linear_4_bidirectional_mix;qiskit_optimization_level=2;qiskit_seed=3,linear_4_bidirectional_mix,benchmark circuit
EX-C7,54,ext_2409_08844v2_claim3,12.0,13.0,two-qubit gate count (TKET vs Qiskit),-1.0,0,1,0,circuit=linear_4_bidirectional_mix;qiskit_optimization_level=2;qiskit_seed=4,linear_4_bidirectional_mix,benchmark circuit
EX-C7,55,ext_2409_08844v2_claim3,12.0,15.0,two-qubit gate count (TKET vs Qiskit),-3.0,0,1,0,circuit=linear_4_bidirectional_mix;qiskit_optimization_level=3;qiskit_seed=0,linear_4_bidirectional_mix,benchmark circuit
EX-C7,56,ext_2409_08844v2_claim3,12.0,15.0,two-qubit gate count (TKET vs Qiskit),-3.0,0,1,0,circuit=linear_4_bidirectional_mix;qiskit_optimization_level=3;qiskit_seed=1,linear_4_bidirectional_mix,benchmark circuit
EX-C7,57,ext_2409_08844v2_claim3,12.0,15.0,two-qubit gate count (TKET vs Qiskit),-3.0,0,1,0,circuit=linear_4_bidirectional_mix;qiskit_optimization_level=3;qiskit_seed=2,linear_4_bidirectional_mix,benchmark circuit
EX-C7,58,ext_2409_08844v2_claim3,12.0,15.0,two-qubit gate count (TKET vs Qiskit),-3.0,0,1,0,circuit=linear_4_bidirectional_mix;qiskit_optimization_level=3;qiskit_seed=3,linear_4_bidirectional_mix,benchmark circuit
EX-C7,59,ext_2409_08844v2_claim3,12.0,13.0,two-qubit gate count (TKET vs Qiskit),-1.0,0,1,0,circuit=linear_4_bidirectional_mix;qiskit_optimization_level=3;qiskit_seed=4,linear_4_bidirectional_mix,benchmark circuit
EX-C7,60,ext_2409_08844v2_claim3,11.0,19.0,two-qubit gate count (TKET vs Qiskit),-8.0,0,1,0,circuit=linear_4_repeated_remote;qiskit_optimization_level=0;qiskit_seed=0,linear_4_repeated_remote,benchmark circuit
EX-C7,61,ext_2409_08844v2_claim3,11.0,22.0,two-qubit gate count (TKET vs Qiskit),-11.0,0,1,0,circuit=linear_4_repeated_remote;qiskit_optimization_level=0;qiskit_seed=1,linear_4_repeated_remote,benchmark circuit
EX-C7,62,ext_2409_08844v2_claim3,11.0,19.0,two-qubit gate count (TKET vs Qiskit),-8.0,0,1,0,circuit=linear_4_repeated_remote;qiskit_optimization_level=0;qiskit_seed=2,linear_4_repeated_remote,benchmark circuit
EX-C7,63,ext_2409_08844v2_claim3,11.0,19.0,two-qubit gate count (TKET vs Qiskit),-8.0,0,1,0,circuit=linear_4_repeated_remote;qiskit_optimization_level=0;qiskit_seed=3,linear_4_repeated_remote,benchmark circuit
EX-C7,64,ext_2409_08844v2_claim3,11.0,22.0,two-qubit gate count (TKET vs Qiskit),-11.0,0,1,0,circuit=linear_4_repeated_remote;qiskit_optimization_level=0;qiskit_seed=4,linear_4_repeated_remote,benchmark circuit
EX-C7,65,ext_2409_08844v2_claim3,11.0,13.0,two-qubit gate count (TKET vs Qiskit),-2.0,0,1,0,circuit=linear_4_repeated_remote;qiskit_optimization_level=1;qiskit_seed=0,linear_4_repeated_remote,benchmark circuit
EX-C7,66,ext_2409_08844v2_claim3,11.0,13.0,two-qubit gate count (TKET vs Qiskit),-2.0,0,1,0,circuit=linear_4_repeated_remote;qiskit_optimization_level=1;qiskit_seed=1,linear_4_repeated_remote,benchmark circuit
EX-C7,67,ext_2409_08844v2_claim3,11.0,13.0,two-qubit gate count (TKET vs Qiskit),-2.0,0,1,0,circuit=linear_4_repeated_remote;qiskit_optimization_level=1;qiskit_seed=2,linear_4_repeated_remote,benchmark circuit
EX-C7,68,ext_2409_08844v2_claim3,11.0,13.0,two-qubit gate count (TKET vs Qiskit),-2.0,0,1,0,circuit=linear_4_repeated_remote;qiskit_optimization_level=1;qiskit_seed=3,linear_4_repeated_remote,benchmark circuit
EX-C7,69,ext_2409_08844v2_claim3,11.0,13.0,two-qubit gate count (TKET vs Qiskit),-2.0,0,1,0,circuit=linear_4_repeated_remote;qiskit_optimization_level=1;qiskit_seed=4,linear_4_repeated_remote,benchmark circuit
EX-C7,70,ext_2409_08844v2_claim3,11.0,13.0,two-qubit gate count (TKET vs Qiskit),-2.0,0,1,0,circuit=linear_4_repeated_remote;qiskit_optimization_level=2;qiskit_seed=0,linear_4_repeated_remote,benchmark circuit
EX-C7,71,ext_2409_08844v2_claim3,11.0,13.0,two-qubit gate count (TKET vs Qiskit),-2.0,0,1,0,circuit=linear_4_repeated_remote;qiskit_optimization_level=2;qiskit_seed=1,linear_4_repeated_remote,benchmark circuit
EX-C7,72,ext_2409_08844v2_claim3,11.0,13.0,two-qubit gate count (TKET vs Qiskit),-2.0,0,1,0,circuit=linear_4_repeated_remote;qiskit_optimization_level=2;qiskit_seed=2,linear_4_repeated_remote,benchmark circuit
EX-C7,73,ext_2409_08844v2_claim3,11.0,13.0,two-qubit gate count (TKET vs Qiskit),-2.0,0,1,0,circuit=linear_4_repeated_remote;qiskit_optimization_level=2;qiskit_seed=3,linear_4_repeated_remote,benchmark circuit
EX-C7,74,ext_2409_08844v2_claim3,11.0,13.0,two-qubit gate count (TKET vs Qiskit),-2.0,0,1,0,circuit=linear_4_repeated_remote;qiskit_optimization_level=2;qiskit_seed=4,linear_4_repeated_remote,benchmark circuit
EX-C7,75,ext_2409_08844v2_claim3,11.0,13.0,two-qubit gate count (TKET vs Qiskit),-2.0,0,1,0,circuit=linear_4_repeated_remote;qiskit_optimization_level=3;qiskit_seed=0,linear_4_repeated_remote,benchmark circuit
EX-C7,76,ext_2409_08844v2_claim3,11.0,13.0,two-qubit gate count (TKET vs Qiskit),-2.0,0,1,0,circuit=linear_4_repeated_remote;qiskit_optimization_level=3;qiskit_seed=1,linear_4_repeated_remote,benchmark circuit
EX-C7,77,ext_2409_08844v2_claim3,11.0,13.0,two-qubit gate count (TKET vs Qiskit),-2.0,0,1,0,circuit=linear_4_repeated_remote;qiskit_optimization_level=3;qiskit_seed=2,linear_4_repeated_remote,benchmark circuit
EX-C7,78,ext_2409_08844v2_claim3,11.0,13.0,two-qubit gate count (TKET vs Qiskit),-2.0,0,1,0,circuit=linear_4_repeated_remote;qiskit_optimization_level=3;qiskit_seed=3,linear_4_repeated_remote,benchmark circuit
EX-C7,79,ext_2409_08844v2_claim3,11.0,13.0,two-qubit gate count (TKET vs Qiskit),-2.0,0,1,0,circuit=linear_4_repeated_remote;qiskit_optimization_level=3;qiskit_seed=4,linear_4_repeated_remote,benchmark circuit
EX-C8,0,ext_2409_08844v2_claim1,0.0001316249836236,6.562500493600965e-05,construction/run time (Cirq vs Qiskit),-6.599997868759035e-05,0,1,0,circuit_size=4;repetition=0,4,circuit_size (benchmark size)
EX-C8,1,ext_2409_08844v2_claim1,0.0001294999965466,7.025001104921103e-05,construction/run time (Cirq vs Qiskit),-5.924998549738898e-05,0,1,0,circuit_size=4;repetition=1,4,circuit_size (benchmark size)
EX-C8,2,ext_2409_08844v2_claim1,0.0001330830273218,6.666698027402163e-05,construction/run time (Cirq vs Qiskit),-6.641604704777837e-05,0,1,0,circuit_size=4;repetition=2,4,circuit_size (benchmark size)
EX-C8,3,ext_2409_08844v2_claim1,0.0001315419794991,6.808299804106355e-05,construction/run time (Cirq vs Qiskit),-6.345898145803647e-05,0,1,0,circuit_size=4;repetition=3,4,circuit_size (benchmark size)
EX-C8,4,ext_2409_08844v2_claim1,0.0001350420061498,7.279199780896306e-05,construction/run time (Cirq vs Qiskit),-6.225000834083694e-05,0,1,0,circuit_size=4;repetition=4,4,circuit_size (benchmark size)
EX-C8,5,ext_2409_08844v2_claim1,0.0001383330090902,7.412495324388146e-05,construction/run time (Cirq vs Qiskit),-6.420805584631854e-05,0,1,0,circuit_size=4;repetition=5,4,circuit_size (benchmark size)
EX-C8,6,ext_2409_08844v2_claim1,0.0001317499554716,6.637501064687967e-05,construction/run time (Cirq vs Qiskit),-6.537494482472032e-05,0,1,0,circuit_size=4;repetition=6,4,circuit_size (benchmark size)
EX-C8,7,ext_2409_08844v2_claim1,0.0001364580239169,6.96660135872662e-05,construction/run time (Cirq vs Qiskit),-6.67920103296338e-05,0,1,0,circuit_size=4;repetition=7,4,circuit_size (benchmark size)
EX-C8,8,ext_2409_08844v2_claim1,0.0001308339997194,6.920797750353813e-05,construction/run time (Cirq vs Qiskit),-6.162602221586186e-05,0,1,0,circuit_size=4;repetition=8,4,circuit_size (benchmark size)
EX-C8,9,ext_2409_08844v2_claim1,0.0001292919623665,6.991601549088955e-05,construction/run time (Cirq vs Qiskit),-5.937594687561044e-05,0,1,0,circuit_size=4;repetition=9,4,circuit_size (benchmark size)
EX-C8,10,ext_2409_08844v2_claim1,0.0001241249847225,6.708304863423109e-05,construction/run time (Cirq vs Qiskit),-5.704193608826891e-05,0,1,0,circuit_size=4;repetition=10,4,circuit_size (benchmark size)
EX-C8,11,ext_2409_08844v2_claim1,0.0001305420300923,6.77499920129776e-05,construction/run time (Cirq vs Qiskit),-6.27920380793224e-05,0,1,0,circuit_size=4;repetition=11,4,circuit_size (benchmark size)
EX-C8,12,ext_2409_08844v2_claim1,0.0001265839673578,6.583298090845346e-05,construction/run time (Cirq vs Qiskit),-6.075098644934654e-05,0,1,0,circuit_size=4;repetition=12,4,circuit_size (benchmark size)
EX-C8,13,ext_2409_08844v2_claim1,0.0001354590058326,6.824999582022429e-05,construction/run time (Cirq vs Qiskit),-6.720901001237571e-05,0,1,0,circuit_size=4;repetition=13,4,circuit_size (benchmark size)
EX-C8,14,ext_2409_08844v2_claim1,0.0001338330330327,6.849999772384763e-05,construction/run time (Cirq vs Qiskit),-6.533303530885238e-05,0,1,0,circuit_size=4;repetition=14,4,circuit_size (benchmark size)
EX-C8,15,ext_2409_08844v2_claim1,0.0001357920118607,7.1709044277668e-05,construction/run time (Cirq vs Qiskit),-6.408296758303201e-05,0,1,0,circuit_size=4;repetition=15,4,circuit_size (benchmark size)
EX-C8,16,ext_2409_08844v2_claim1,0.0001315419794991,8.391699520871043e-05,construction/run time (Cirq vs Qiskit),-4.762498429038958e-05,0,1,0,circuit_size=4;repetition=16,4,circuit_size (benchmark size)
EX-C8,17,ext_2409_08844v2_claim1,0.0001335000270046,0.0001076660118997,construction/run time (Cirq vs Qiskit),-2.5834015104899994e-05,0,1,0,circuit_size=4;repetition=17,4,circuit_size (benchmark size)
EX-C8,18,ext_2409_08844v2_claim1,0.000132915971335,6.733299233019352e-05,construction/run time (Cirq vs Qiskit),-6.558297900480649e-05,0,1,0,circuit_size=4;repetition=18,4,circuit_size (benchmark size)
EX-C8,19,ext_2409_08844v2_claim1,0.0001354170381091,6.591703277081251e-05,construction/run time (Cirq vs Qiskit),-6.950000533828749e-05,0,1,0,circuit_size=4;repetition=19,4,circuit_size (benchmark size)
EX-C8,20,ext_2409_08844v2_claim1,0.0001842909841798,8.862500544637442e-05,construction/run time (Cirq vs Qiskit),-9.566597873342559e-05,0,1,0,circuit_size=6;repetition=0,6,circuit_size (benchmark size)
EX-C8,21,ext_2409_08844v2_claim1,0.0002250830293633,0.000107540981844,construction/run time (Cirq vs Qiskit),-0.00011754204751930001,0,1,0,circuit_size=6;repetition=1,6,circuit_size (benchmark size)
EX-C8,22,ext_2409_08844v2_claim1,0.0002015830250456,9.849999332800508e-05,construction/run time (Cirq vs Qiskit),-0.00010308303171759493,0,1,0,circuit_size=6;repetition=2,6,circuit_size (benchmark size)
EX-C8,23,ext_2409_08844v2_claim1,0.0001873330329544,9.000004502013326e-05,construction/run time (Cirq vs Qiskit),-9.733298793426675e-05,0,1,0,circuit_size=6;repetition=3,6,circuit_size (benchmark size)
EX-C8,24,ext_2409_08844v2_claim1,0.0001871670247055,9.02920146472752e-05,construction/run time (Cirq vs Qiskit),-9.687501005822481e-05,0,1,0,circuit_size=6;repetition=4,6,circuit_size (benchmark size)
EX-C8,25,ext_2409_08844v2_claim1,0.0002050420152954,9.64159844443202e-05,construction/run time (Cirq vs Qiskit),-0.00010862603085107979,0,1,0,circuit_size=6;repetition=5,6,circuit_size (benchmark size)
EX-C8,26,ext_2409_08844v2_claim1,0.0001873329747468,9.699998190626502e-05,construction/run time (Cirq vs Qiskit),-9.033299284053498e-05,0,1,0,circuit_size=6;repetition=6,6,circuit_size (benchmark size)
EX-C8,27,ext_2409_08844v2_claim1,0.0001879999763332,9.595899609848856e-05,construction/run time (Cirq vs Qiskit),-9.204098023471144e-05,0,1,0,circuit_size=6;repetition=7,6,circuit_size (benchmark size)
EX-C8,28,ext_2409_08844v2_claim1,0.0001863329671323,9.099999442696571e-05,construction/run time (Cirq vs Qiskit),-9.533297270533428e-05,0,1,0,circuit_size=6;repetition=8,6,circuit_size (benchmark size)
EX-C8,29,ext_2409_08844v2_claim1,0.0001897920155897,9.304203558713198e-05,construction/run time (Cirq vs Qiskit),-9.674998000256803e-05,0,1,0,circuit_size=6;repetition=9,6,circuit_size (benchmark size)
EX-C8,30,ext_2409_08844v2_claim1,0.0001848340034484,9.704200783744454e-05,construction/run time (Cirq vs Qiskit),-8.779199561095545e-05,0,1,0,circuit_size=6;repetition=10,6,circuit_size (benchmark size)
EX-C8,31,ext_2409_08844v2_claim1,0.0001956250052899,9.495799895375968e-05,construction/run time (Cirq vs Qiskit),-0.00010066700633614032,0,1,0,circuit_size=6;repetition=11,6,circuit_size (benchmark size)
EX-C8,32,ext_2409_08844v2_claim1,0.0002484999713487,0.0001370410318486,construction/run time (Cirq vs Qiskit),-0.00011145893950009999,0,1,0,circuit_size=6;repetition=12,6,circuit_size (benchmark size)
EX-C8,33,ext_2409_08844v2_claim1,0.0001863330253399,9.104103082790972e-05,construction/run time (Cirq vs Qiskit),-9.529199451199028e-05,0,1,0,circuit_size=6;repetition=13,6,circuit_size (benchmark size)
EX-C8,34,ext_2409_08844v2_claim1,0.0001885000383481,9.458401473239064e-05,construction/run time (Cirq vs Qiskit),-9.391602361570936e-05,0,1,0,circuit_size=6;repetition=14,6,circuit_size (benchmark size)
EX-C8,35,ext_2409_08844v2_claim1,0.0002077079843729,9.27079818211496e-05,construction/run time (Cirq vs Qiskit),-0.00011500000255175039,0,1,0,circuit_size=6;repetition=15,6,circuit_size (benchmark size)
EX-C8,36,ext_2409_08844v2_claim1,0.0001838749740272,9.08750225789845e-05,construction/run time (Cirq vs Qiskit),-9.299995144821551e-05,0,1,0,circuit_size=6;repetition=16,6,circuit_size (benchmark size)
EX-C8,37,ext_2409_08844v2_claim1,0.000187040946912,9.195797611027956e-05,construction/run time (Cirq vs Qiskit),-9.508297080172045e-05,0,1,0,circuit_size=6;repetition=17,6,circuit_size (benchmark size)
EX-C8,38,ext_2409_08844v2_claim1,0.0001856670132838,9.099999442696571e-05,construction/run time (Cirq vs Qiskit),-9.466701885683427e-05,0,1,0,circuit_size=6;repetition=18,6,circuit_size (benchmark size)
EX-C8,39,ext_2409_08844v2_claim1,0.0001885000383481,9.595800656825304e-05,construction/run time (Cirq vs Qiskit),-9.254203177984697e-05,0,1,0,circuit_size=6;repetition=19,6,circuit_size (benchmark size)
EX-C8,40,ext_2409_08844v2_claim1,0.000299957988318,0.0001460000057704,construction/run time (Cirq vs Qiskit),-0.00015395798254759998,0,1,0,circuit_size=8;repetition=0,8,circuit_size (benchmark size)
EX-C8,41,ext_2409_08844v2_claim1,0.0002457500086165,0.0001208339817821,construction/run time (Cirq vs Qiskit),-0.00012491602683440003,0,1,0,circuit_size=8;repetition=1,8,circuit_size (benchmark size)
EX-C8,42,ext_2409_08844v2_claim1,0.0002389579894952,0.0001094159670174,construction/run time (Cirq vs Qiskit),-0.00012954202247780002,0,1,0,circuit_size=8;repetition=2,8,circuit_size (benchmark size)
EX-C8,43,ext_2409_08844v2_claim1,0.0002381249796599,0.000118583033327,construction/run time (Cirq vs Qiskit),-0.00011954194633290001,0,1,0,circuit_size=8;repetition=3,8,circuit_size (benchmark size)
EX-C8,44,ext_2409_08844v2_claim1,0.0002357080229558,0.0001143330009654,construction/run time (Cirq vs Qiskit),-0.00012137502199039999,0,1,0,circuit_size=8;repetition=4,8,circuit_size (benchmark size)
EX-C8,45,ext_2409_08844v2_claim1,0.0002360420185141,0.0001897499896585,construction/run time (Cirq vs Qiskit),-4.629202885560001e-05,0,1,0,circuit_size=8;repetition=5,8,circuit_size (benchmark size)
EX-C8,46,ext_2409_08844v2_claim1,0.0002332919975742,0.0001121250097639,construction/run time (Cirq vs Qiskit),-0.0001211669878103,0,1,0,circuit_size=8;repetition=6,8,circuit_size (benchmark size)
EX-C8,47,ext_2409_08844v2_claim1,0.0002373750321567,0.000115624978207,construction/run time (Cirq vs Qiskit),-0.0001217500539497,0,1,0,circuit_size=8;repetition=7,8,circuit_size (benchmark size)
EX-C8,48,ext_2409_08844v2_claim1,0.000241375004407,0.0001220420235767,construction/run time (Cirq vs Qiskit),-0.0001193329808303,0,1,0,circuit_size=8;repetition=8,8,circuit_size (benchmark size)
EX-C8,49,ext_2409_08844v2_claim1,0.0002518330002203,0.0001207499881274,construction/run time (Cirq vs Qiskit),-0.00013108301209289997,0,1,0,circuit_size=8;repetition=9,8,circuit_size (benchmark size)
EX-C8,50,ext_2409_08844v2_claim1,0.0002343750093132,0.0001142499968409,construction/run time (Cirq vs Qiskit),-0.0001201250124723,0,1,0,circuit_size=8;repetition=10,8,circuit_size (benchmark size)
EX-C8,51,ext_2409_08844v2_claim1,0.0002479999675415,0.0001616249792277,construction/run time (Cirq vs Qiskit),-8.637498831379998e-05,0,1,0,circuit_size=8;repetition=11,8,circuit_size (benchmark size)
EX-C8,52,ext_2409_08844v2_claim1,0.0002405000268481,0.0001099170185625,construction/run time (Cirq vs Qiskit),-0.0001305830082856,0,1,0,circuit_size=8;repetition=12,8,circuit_size (benchmark size)
EX-C8,53,ext_2409_08844v2_claim1,0.000246874988079,0.0001185000292025,construction/run time (Cirq vs Qiskit),-0.00012837495887649996,0,1,0,circuit_size=8;repetition=13,8,circuit_size (benchmark size)
EX-C8,54,ext_2409_08844v2_claim1,0.0002388340071775,0.0001177079975605,construction/run time (Cirq vs Qiskit),-0.00012112600961699999,0,1,0,circuit_size=8;repetition=14,8,circuit_size (benchmark size)
EX-C8,55,ext_2409_08844v2_claim1,0.0002330410061404,0.0001105410046875,construction/run time (Cirq vs Qiskit),-0.0001225000014529,0,1,0,circuit_size=8;repetition=15,8,circuit_size (benchmark size)
EX-C8,56,ext_2409_08844v2_claim1,0.0002388330176472,0.0001214160001836,construction/run time (Cirq vs Qiskit),-0.0001174170174636,0,1,0,circuit_size=8;repetition=16,8,circuit_size (benchmark size)
EX-C8,57,ext_2409_08844v2_claim1,0.0002388749853707,0.0001131250173784,construction/run time (Cirq vs Qiskit),-0.0001257499679923,0,1,0,circuit_size=8;repetition=17,8,circuit_size (benchmark size)
EX-C8,58,ext_2409_08844v2_claim1,0.0002342920051887,0.0001092079910449,construction/run time (Cirq vs Qiskit),-0.00012508401414379998,0,1,0,circuit_size=8;repetition=18,8,circuit_size (benchmark size)
EX-C8,59,ext_2409_08844v2_claim1,0.0002488330355845,0.0001388750388287,construction/run time (Cirq vs Qiskit),-0.00010995799675579999,0,1,0,circuit_size=8;repetition=19,8,circuit_size (benchmark size)
EX-C8,60,ext_2409_08844v2_claim1,0.0002930840128101,0.0001409170217812,construction/run time (Cirq vs Qiskit),-0.00015216699102889997,0,1,0,circuit_size=10;repetition=0,10,circuit_size (benchmark size)
EX-C8,61,ext_2409_08844v2_claim1,0.0002904590219259,0.0001399579923599,construction/run time (Cirq vs Qiskit),-0.00015050102956600003,0,1,0,circuit_size=10;repetition=1,10,circuit_size (benchmark size)
EX-C8,62,ext_2409_08844v2_claim1,0.0002921249833889,0.0001384170027449,construction/run time (Cirq vs Qiskit),-0.00015370798064399997,0,1,0,circuit_size=10;repetition=2,10,circuit_size (benchmark size)
EX-C8,63,ext_2409_08844v2_claim1,0.0002939580008387,0.0001500410144217,construction/run time (Cirq vs Qiskit),-0.000143916986417,0,1,0,circuit_size=10;repetition=3,10,circuit_size (benchmark size)
EX-C8,64,ext_2409_08844v2_claim1,0.000315417011734,0.0001429169788025,construction/run time (Cirq vs Qiskit),-0.00017250003293150002,0,1,0,circuit_size=10;repetition=4,10,circuit_size (benchmark size)
EX-C8,65,ext_2409_08844v2_claim1,0.0002853340120054,0.0001983339898288,construction/run time (Cirq vs Qiskit),-8.700002217660002e-05,0,1,0,circuit_size=10;repetition=5,10,circuit_size (benchmark size)
EX-C8,66,ext_2409_08844v2_claim1,0.0002934579970315,0.0001398749882355,construction/run time (Cirq vs Qiskit),-0.000153583008796,0,1,0,circuit_size=10;repetition=6,10,circuit_size (benchmark size)
EX-C8,67,ext_2409_08844v2_claim1,0.0002950000343844,0.0001426669768989,construction/run time (Cirq vs Qiskit),-0.00015233305748550002,0,1,0,circuit_size=10;repetition=7,10,circuit_size (benchmark size)
EX-C8,68,ext_2409_08844v2_claim1,0.0003026670310646,0.0001535420306026,construction/run time (Cirq vs Qiskit),-0.00014912500046200002,0,1,0,circuit_size=10;repetition=8,10,circuit_size (benchmark size)
EX-C8,69,ext_2409_08844v2_claim1,0.0002930420450866,0.0001576669747009,construction/run time (Cirq vs Qiskit),-0.0001353750703857,0,1,0,circuit_size=10;repetition=9,10,circuit_size (benchmark size)
EX-C8,70,ext_2409_08844v2_claim1,0.0002902910346165,0.0001363750197924,construction/run time (Cirq vs Qiskit),-0.00015391601482410002,0,1,0,circuit_size=10;repetition=10,10,circuit_size (benchmark size)
EX-C8,71,ext_2409_08844v2_claim1,0.0003015000256709,0.0001415419974364,construction/run time (Cirq vs Qiskit),-0.0001599580282345,0,1,0,circuit_size=10;repetition=11,10,circuit_size (benchmark size)
EX-C8,72,ext_2409_08844v2_claim1,0.0002870410098694,0.0001442499924451,construction/run time (Cirq vs Qiskit),-0.00014279101742429998,0,1,0,circuit_size=10;repetition=12,10,circuit_size (benchmark size)
EX-C8,73,ext_2409_08844v2_claim1,0.000298416998703,0.0001524590188637,construction/run time (Cirq vs Qiskit),-0.0001459579798393,0,1,0,circuit_size=10;repetition=13,10,circuit_size (benchmark size)
EX-C8,74,ext_2409_08844v2_claim1,0.000291416014079,0.0001441669883206,construction/run time (Cirq vs Qiskit),-0.00014724902575840004,0,1,0,circuit_size=10;repetition=14,10,circuit_size (benchmark size)
EX-C8,75,ext_2409_08844v2_claim1,0.0002896249643526,0.000138750008773,construction/run time (Cirq vs Qiskit),-0.0001508749555796,0,1,0,circuit_size=10;repetition=15,10,circuit_size (benchmark size)
EX-C8,76,ext_2409_08844v2_claim1,0.0002899160026572,0.0001359169837087,construction/run time (Cirq vs Qiskit),-0.0001539990189485,0,1,0,circuit_size=10;repetition=16,10,circuit_size (benchmark size)
EX-C8,77,ext_2409_08844v2_claim1,0.0003014170215465,0.0001517080236226,construction/run time (Cirq vs Qiskit),-0.0001497089979239,0,1,0,circuit_size=10;repetition=17,10,circuit_size (benchmark size)
EX-C8,78,ext_2409_08844v2_claim1,0.0002915000077337,0.0001394170103594,construction/run time (Cirq vs Qiskit),-0.0001520829973743,0,1,0,circuit_size=10;repetition=18,10,circuit_size (benchmark size)
EX-C8,79,ext_2409_08844v2_claim1,0.0003098330344073,0.0001423750072717,construction/run time (Cirq vs Qiskit),-0.0001674580271356,0,1,0,circuit_size=10;repetition=19,10,circuit_size (benchmark size)
