claim_id,paper_id,source_file_or_record,source_evidence_status,source_location,source_excerpt,previous_accepted_comparative_claim,adjudicated_accepted_comparative_claim,previous_claim_card_specifiable,adjudicated_claim_card_specifiable,P,B_A,B_B,M,R,previous_relation_type,adjudicated_relation_type,previous_scalar_directional,adjudicated_scalar_directional,previous_planning_feasible,adjudicated_planning_feasible,adjudicated_scalar_oriented_planning_record,previous_exact_proxy_free_materialized,adjudicated_exact_proxy_free_materialized,previous_broader_auditable_design,adjudicated_broader_auditable_design,strongest_adjudicated_mode,formal_checker,optional_cellwise_Wilson_diagnostic,primary_blocker_if_any,blocker_is_source_reporting_limitation_yes_no,blocker_is_methodology_limitation_yes_no,decision_changed_yes_no,change_type,adjudication_confidence,human_review_needed_yes_no,notes
ext_2002_11724v2_claim2,2002.11724v2,data/slr/paper_texts/2002.11724v2.txt,insufficient_context,,,true,true,true,true,excited-state energy estimation,VQD,SSVQE and MCVQE,energy accuracy,A > B,scalar_directional,scalar_directional,true,true,false,false,false,,no,,yes,source_supported_extension,Wilson_direction_preservation,yes,missing_artifact,yes,no,no,,medium,yes,O1/O2 source-reporting blocker confirmed by failed_criteria_by_claim; scalar relation valid.
ext_2002_11724v2_claim3,2002.11724v2,data/slr/paper_texts/2002.11724v2.txt,verified_sentence,line 360,"i), the VQD gives the most accurate oscillator strengths, which indicates that the method enables us to generate",true,true,true,true,transition oscillator-strength estimation,VQD,SSVQE and MCVQE,oscillator-strength accuracy,A > B,scalar_directional,scalar_directional,true,true,false,false,false,,no,,yes,source_supported_extension,Wilson_direction_preservation,yes,missing_artifact,yes,no,no,,high,no,O1/O2 source-reporting blocker confirmed by failed_criteria_by_claim; scalar relation valid.
ext_2005_11011v2_claim3,2005.11011v2,data/slr/paper_texts/2005.11011v2.txt,verified_sentence,line 782,"deviation. In this scenario, Nelder-Mead is the least resilient to this noise, while MPG is the most, and MGD follows.",true,true,false,true,VQA optimizer resilience to gate rotation error,MPG optimizer,Nelder-Mead optimizer,noise resilience,A > B,,scalar_directional,false,true,false,false,false,,no,,yes,source_supported_extension,Wilson_direction_preservation,yes,missing_artifact,yes,no,yes,previous specifiable=false; source evidence supports filled schema and scalar relation,high,no,Three-optimizer ranking (Nelder-Mead < MGD < MPG) is a valid scalar-directional comparison after pairwise reduction.
ext_2007_15671v1_claim2,2007.15671v1,data/slr/paper_texts/2007.15671v1.txt,insufficient_context,,,true,true,true,true,,,,,,scalar_directional,scalar_directional,true,true,true,true,true,no,no,yes,yes,source_supported_extension,Wilson_direction_preservation,yes,missing_evidence_object,yes,yes,no,,medium,yes,tier=T4
ext_2007_15671v1_claim3,2007.15671v1,data/slr/paper_texts/2007.15671v1.txt,verified_sentence,line 116,"show that TB-OLSQ is nearly optimal and is able to increase fidelity by 1.30x in geomean, compared to TriQ [15], a leading academic",true,true,true,true,,,,,,scalar_directional,relation_specific,true,false,true,true,false,no,no,yes,yes,relation_specific,relation-specific (see notes),no,missing_evidence_object,no,yes,no,,high,no,tier=T4
ext_2007_15671v1_claim4,2007.15671v1,data/slr/paper_texts/2007.15671v1.txt,insufficient_context,,,true,true,true,true,,,,,,scalar_directional,relation_specific,true,false,true,true,false,no,no,yes,yes,relation_specific,relation-specific (see notes),no,missing_evidence_object,no,yes,no,,medium,yes,tier=T4
ext_2007_15671v1_claim5,2007.15671v1,data/slr/paper_texts/2007.15671v1.txt,verified_sentence,line 889,"some larger programs. In some cases, TriQ has slightly better fidelity results by leveraging larger depths. This is expected since TB-OLSQ-Fidelity optimizes fidelity with the fewest transitions",true,true,true,true,,,,,,scalar_directional,relation_specific,true,false,true,true,false,no,no,yes,yes,relation_specific,relation-specific (see notes),no,missing_evidence_object,no,yes,no,,high,no,tier=T3
ext_2008_02941v2_claim2,2008.02941v2,data/slr/paper_texts/2008.02941v2.txt,verified_sentence,line 654,state. We see that the average HVA state is more entangled than the ground states of interest.,true,false,false,false,HVA entanglement characterization,average HVA state,ground states of interest,entanglement,A > B,,unclear_boundary,false,false,false,false,false,,no,,no,boundary_no_design,boundary_report,no,missing_comparator,yes,no,yes,"state-vs-state comparison, not method/tool/algorithm/config/backend/baseline; Layer 1 fails on strict reading",medium,no,"Compared objects are quantum states, not comparators recognized by Layer 1."
ext_2008_02941v2_claim3,2008.02941v2,data/slr/paper_texts/2008.02941v2.txt,insufficient_context,,,true,true,true,true,,,,,,scalar_directional,scalar_directional,true,true,true,true,true,no,no,yes,yes,source_supported_extension,Wilson_direction_preservation,yes,missing_baseline_implementation,no,no,no,,medium,yes,tier=T3
ext_2009_03351v3_claim2,2009.03351v3,data/slr/paper_texts/2009.03351v3.txt,insufficient_context,,,true,true,true,true,,,,,,scalar_directional,scalar_directional,true,true,true,true,true,no,no,yes,yes,source_supported_extension,Wilson_direction_preservation,yes,missing_baseline_implementation,no,no,no,,medium,yes,tier=T3
ext_2009_13545v3_claim1,2009.13545v3,data/slr/paper_texts/2009.13545v3.txt,verified_sentence,line 13,"an electronic H 4 Hamiltonian and a single-transmon quantum simulation. In all cases, the metaVQE is able to learn the shape of the energy functional and, in some cases, resulted in improved accuracy in comparison to individual VQE optimization. The meta-VQE algorithm introduces both",true,true,true,true,,,,,,scalar_directional,relation_specific,true,false,true,true,false,no,no,yes,yes,relation_specific,relation-specific (see notes),no,missing_evidence_object,yes,yes,no,,high,no,tier=T3
ext_2009_13545v3_claim3,2009.13545v3,data/slr/paper_texts/2009.13545v3.txt,verified_sentence,line 532,"standard VQE. Since we use ﬁve training points, optnl-meta-VQE becomes cheaper when more than 20 test points are required. Note that those numbers should",true,true,true,true,,,,,,scalar_directional,relation_specific,true,false,true,true,false,no,no,yes,yes,relation_specific,relation-specific (see notes),no,missing_evidence_object,yes,yes,no,,high,no,tier=T3
ext_2011_08137v3_claim2,2011.08137v3,data/slr/paper_texts/2011.08137v3.txt,insufficient_context,,,true,true,true,true,,,,,,scalar_directional,scalar_directional,true,true,true,true,true,no,no,yes,yes,source_supported_extension,Wilson_direction_preservation,yes,missing_baseline_implementation,no,no,no,,medium,yes,tier=T3
ext_2011_08137v3_claim4,2011.08137v3,data/slr/paper_texts/2011.08137v3.txt,verified_sentence,line 619,"Tables I and II, on the other hand, indicates that the HONO/LUNO active space leads to a slightly shorter",true,true,true,true,,,,,,scalar_directional,scalar_directional,true,true,true,true,true,no,no,yes,yes,source_supported_extension,Wilson_direction_preservation,yes,missing_baseline_implementation,no,no,no,,high,no,tier=T3
ext_2011_12191v4_claim1,2011.12191v4,data/slr/paper_texts/2011.12191v4.txt,insufficient_context,,,true,true,true,true,,,,,,scalar_directional,scalar_directional,true,true,true,true,true,no,no,yes,yes,source_supported_extension,Wilson_direction_preservation,yes,missing_evidence_object,no,no,no,,medium,yes,tier=T3
ext_2011_12191v4_claim2,2011.12191v4,data/slr/paper_texts/2011.12191v4.txt,verified_sentence,line 918,"T. Hence, in CNOT-OPT-A this eﬀect is mitigated to some extent by conﬁning this reduction in shorter segments, leading to a better performance compared to CNOT-OPT-B.",true,true,true,true,,,,,,scalar_directional,scalar_directional,true,true,true,true,true,no,no,yes,yes,source_supported_extension,Wilson_direction_preservation,yes,source_inconsistency,yes,no,no,,high,no,tier=T3
ext_2011_12191v4_claim5,2011.12191v4,data/slr/paper_texts/2011.12191v4.txt,verified_sentence,line 924,"with these software packages. Despite such diﬀerence, our CNOT-OPT-A algorithm gives much less overhead compared to Qiskit and TKET in most cases.",true,true,true,true,,,,,,scalar_directional,scalar_directional,true,true,true,true,true,no,no,yes,yes,source_supported_extension,Wilson_direction_preservation,yes,missing_evidence_object,no,no,no,,high,no,tier=T3
ext_2101_08526v7_claim1,2101.08526v7,data/slr/paper_texts/2101.08526v7.txt,insufficient_context,,,true,true,true,true,PDS variational quantum solver,PDS(K)-VQS,conventional VQE and original static PDS,accuracy and efficiency,A > B,multi_objective,multi_objective,false,false,false,true,false,,no,,yes,relation_specific,dominance_check,yes,non_scalar_relation,no,no,no,,medium,yes,Source confirms 2+ metrics; multi-objective relation; dominance_check is formal.
ext_2102_00345v2_claim1,2102.00345v2,data/slr/paper_texts/2102.00345v2.txt,verified_sentence,line 13,"employing a fixed ansatz, we find that PQE can converge disentangled (factorized) UCC wave functions to essentially identical energies as variational optimization while requiring fewer computational resources. A comparison of SPQE and adaptive variational quantum algorithms shows that—for",true,true,true,true,,,,,,scalar_directional,scalar_directional,true,true,true,true,true,no,no,yes,yes,source_supported_extension,Wilson_direction_preservation,yes,missing_baseline_implementation,no,no,no,,high,no,tier=T3
ext_2102_00345v2_claim3,2102.00345v2,data/slr/paper_texts/2102.00345v2.txt,verified_sentence,line 16,"accuracy. Finally, we show that SPQE performs similar to, and in some cases, better than selected configuration interaction and the density matrix renormalization group on 1–3 dimensional strongly",true,true,true,true,strongly correlated H10 energy estimation,SPQE,selected configuration interaction and DMRG,energy accuracy per variational parameter,A >= B,categorical_equal_or_better,categorical_equal_or_better,false,false,true,true,false,,no,,yes,relation_specific,categorical_check,no,non_scalar_relation,no,no,no,,high,no,Source confirms 2+ metrics; multi-objective relation; dominance_check is formal.
ext_2102_06813v1_claim2,2102.06813v1,data/slr/paper_texts/2102.06813v1.txt,verified_sentence,line 1112,"Most graphs at n ≤ 9 exceed the Goemans-Williamson bound by p = 3 in these narrow distributions, indicating",true,true,true,true,MaxCut small graphs,QAOA p=3,Goemans-Williamson bound,approximation_ratio,A > B,scalar_directional,scalar_directional,true,true,false,false,false,,no,,yes,source_supported_extension,Wilson_direction_preservation,yes,missing_artifact,yes,no,no,,high,no,O1/O2 source-reporting blocker confirmed by failed_criteria_by_claim; scalar relation valid.
ext_2103_08563v3_claim2,2103.08563v3,data/slr/paper_texts/2103.08563v3.txt,verified_sentence,line 1107,"shown as the Heisenberg limit. VQPE is able to achieve substantially higher accuracy than idealized QPE for the same number of time steps per circuit, thus it is better suited for",true,true,true,true,VQPE vs quantum phase estimation,VQPE,idealized QPE,accuracy at same number of time steps per circuit,A > B,scalar_directional,scalar_directional,true,true,false,false,false,,no,,yes,source_supported_extension,Wilson_direction_preservation,yes,missing_artifact,yes,no,no,,high,no,O1/O2 source-reporting blocker confirmed by failed_criteria_by_claim; scalar relation valid.
ext_2107_08606v3_claim1,2107.08606v3,data/slr/paper_texts/2107.08606v3.txt,verified_sentence,line 14,"static ansatz by utilizing fewer quantum resources and with a smaller quantum depth on average, in presence and absence of quantum noise, and in cases when the number of qubits or condition",true,true,true,true,VQLS adaptive ansatz design,adaptive dynamic ansatz (ADA),standard static ansatz (ASA),quantum resources and circuit depth,A < B,multi_objective,multi_objective,false,false,false,true,false,,no,,yes,relation_specific,dominance_check,yes,non_scalar_relation,no,no,no,,high,no,Source confirms 2+ metrics; multi-objective relation; dominance_check is formal.
ext_2107_08606v3_claim2,2107.08606v3,data/slr/paper_texts/2107.08606v3.txt,verified_sentence,line 254,Table S9 it is clear that Pennylane-qulacs is on average about 2 times faster than Pennylane default and about 3,true,true,true,true,,,,,,scalar_directional,relation_specific,true,false,true,true,false,no,no,yes,yes,relation_specific,relation-specific (see notes),no,invalid_runtime_environment,no,no,no,,high,no,tier=T3
ext_2107_08606v3_claim3,2107.08606v3,data/slr/paper_texts/2107.08606v3.txt,insufficient_context,,,true,true,true,true,VQLS total resource cost for high-condition matrices,ADA,ASA,total resource cost (TRC),A < B,scalar_directional,scalar_directional,true,true,false,false,false,,no,,yes,source_supported_extension,Wilson_direction_preservation,yes,missing_artifact,yes,no,no,,medium,yes,O1/O2 source-reporting blocker confirmed by failed_criteria_by_claim; scalar relation valid.
ext_2108_02099v2_claim3,2108.02099v2,data/slr/paper_texts/2108.02099v2.txt,verified_sentence,line 1644,"1.6x and 2.9x compared to t |ket⟩ and Qiskit, respectively. Figure 13 shows the compilation results of 3-layer QAOA",true,true,false,true,QAOA compilation depth reduction,proposed method (Quanto),t|ket> and Qiskit,circuit depth,A < B,,scalar_directional,false,true,false,false,false,,no,,yes,source_supported_extension,Wilson_direction_preservation,yes,missing_artifact,yes,no,yes,previous specifiable=false; source explicitly names tket and Qiskit and gives 1.6x/2.9x reductions,high,no,Comparator tools explicitly named in source; method artifact O1-missing keeps planning_feasible false.
ext_2110_00592v2_claim1,2110.00592v2,data/slr/paper_texts/2110.00592v2.txt,verified_sentence,line 801,"commutation rules, Nuwa uses approximately 34% fewer Swap gates than tket on average, and 66% fewer than",true,true,true,true,,,,,,scalar_directional,unclear_boundary,true,false,true,true,false,no,no,no,no,boundary_no_design,boundary_report,no,source_inconsistency,yes,no,no,,high,no,tier=T4
ext_2110_00592v2_claim2,2110.00592v2,data/slr/paper_texts/2110.00592v2.txt,insufficient_context,,,true,true,true,true,,,,,,scalar_directional,unclear_boundary,true,false,true,true,false,no,no,no,no,boundary_no_design,boundary_report,no,source_inconsistency,yes,no,no,,medium,yes,tier=T4
ext_2110_00592v2_claim3,2110.00592v2,data/slr/paper_texts/2110.00592v2.txt,insufficient_context,,,true,true,true,true,,,,,,scalar_directional,scalar_directional,true,true,true,true,true,no,no,yes,yes,source_supported_extension,Wilson_direction_preservation,yes,source_inconsistency,yes,no,no,,medium,yes,tier=T4
ext_2110_10788v3_claim1,2110.10788v3,data/slr/paper_texts/2110.10788v3.txt,verified_sentence,line 12,"(MaxCut), but can easily calculate other problems related to graphs. Here, I present a novel quantum optimization algorithm which uses exponentially less qubits as compared to the QAOA while requiring a signiﬁcantly reduced number of quantum operations to solve the MaxCut problem. Such an improved p",true,true,true,true,log-qubit MaxCut algorithm,proposed log-qubit MaxCut algorithm,QAOA,qubit count and quantum operations,A < B,multi_objective,multi_objective,false,false,true,true,false,,no,,yes,relation_specific,dominance_check,yes,non_scalar_relation,no,no,no,,high,no,Source confirms 2+ metrics; multi-objective relation; dominance_check is formal.
ext_2111_03016v3_claim3,2111.03016v3,data/slr/paper_texts/2111.03016v3.txt,insufficient_context,,,true,true,true,true,,,,,,scalar_directional,scalar_directional,true,true,true,true,true,no,no,yes,yes,source_supported_extension,Wilson_direction_preservation,yes,missing_baseline_implementation,no,no,no,,medium,yes,tier=T3
ext_2111_13454v3_claim4,2111.13454v3,data/slr/paper_texts/2111.13454v3.txt,insufficient_context,,,true,true,true,true,VQA optimizer convergence behavior,SPSA,CMA-ES,convergence speed and spread in final energy error,A > B,multi_objective,multi_objective,false,false,true,true,false,,no,,yes,relation_specific,dominance_check,yes,non_scalar_relation,no,no,no,,medium,yes,Source confirms 2+ metrics; multi-objective relation; dominance_check is formal.
ext_2112_03199v4_claim2,2112.03199v4,data/slr/paper_texts/2112.03199v4.txt,insufficient_context,,,true,true,true,true,,,,,,scalar_directional,relation_specific,true,false,true,true,false,no,no,yes,yes,relation_specific,relation-specific (see notes),no,invalid_runtime_environment,no,no,no,,medium,yes,tier=T3
ext_2112_03199v4_claim3,2112.03199v4,data/slr/paper_texts/2112.03199v4.txt,insufficient_context,,,true,true,true,true,MaxCut clustering,normal QAOA,warm-start QAOA,runtime,A < B,scalar_directional,scalar_directional,true,true,false,false,false,,no,,yes,source_supported_extension,Wilson_direction_preservation,yes,missing_artifact,yes,no,no,,medium,yes,O1/O2 source-reporting blocker confirmed by failed_criteria_by_claim; scalar relation valid.
ext_2112_03199v4_claim4,2112.03199v4,data/slr/paper_texts/2112.03199v4.txt,insufficient_context,,,true,true,true,true,MaxCut clustering,VQE/classical algorithm,normal QAOA,energy_or_clustering_performance,A > B,scalar_directional,scalar_directional,true,true,false,false,false,,no,,yes,source_supported_extension,Wilson_direction_preservation,yes,missing_artifact,yes,no,no,,medium,yes,O1/O2 source-reporting blocker confirmed by failed_criteria_by_claim; scalar relation valid.
ext_2112_07416v2_claim3,2112.07416v2,data/slr/paper_texts/2112.07416v2.txt,insufficient_context,,,true,true,true,true,measurement allocation vs classical shadows,computational-basis-sampling method and GC grouping,LBCS and OGM classical-shadow approaches,number of measurements,A < B,scalar_directional,scalar_directional,true,true,false,false,false,,no,,yes,source_supported_extension,Wilson_direction_preservation,yes,missing_artifact,yes,no,no,,medium,yes,O1/O2 source-reporting blocker confirmed by failed_criteria_by_claim; scalar relation valid.
ext_2202_14025v1_legacy_claim1,2202.14025v1,data/slr/paper_texts/2202.14025v1.txt,verified_sentence,line 461,"set by Rebase (Arline). It is interesting to note that Qiskit, Pytket and Cirq were able to compress input circuits to the optimal ones with optimal CX and U3 gate counts. This shows that KAK decomposition is in-build in the",true,true,true,true,two-qubit KAK benchmark compression,Qiskit/Pytket/Cirq pipelines,KAK optimal bound,CX and U3 gate counts,A == B,multi_objective,multi_objective,false,false,true,true,false,,no,,yes,relation_specific,dominance_check,yes,non_scalar_relation,no,no,no,,high,no,Source confirms 2+ metrics; multi-objective relation; dominance_check is formal.
ext_2202_14025v1_legacy_claim11,2202.14025v1,data/slr/paper_texts/2202.14025v1.txt,verified_sentence,line 701,"(c) For random phase polynomial [ CX, Rz] circuits, PyZX outperforms competitors by a large margin in terms of CX count reduction, although by the expense of increasing of single-qubit gate count. This behaviour is",true,true,false,true,random phase-polynomial circuit compression,PyZX,Qiskit/Pytket/Cirq competitors,CX count reduction (single-qubit cost),A > B with single-qubit cost tradeoff (multi-objective),,multi_objective,false,false,false,true,false,,no,,yes,relation_specific,dominance_check,yes,non_scalar_relation,no,no,yes,previous specifiable=false; source explicitly names tradeoff (CX vs single-qubit); multi-objective with PyZX dominant on CX,high,no,Source explicitly flags single-qubit cost penalty; this is a 2-metric Pareto-style claim.
ext_2202_14025v1_legacy_claim12,2202.14025v1,data/slr/paper_texts/2202.14025v1.txt,verified_sentence,line 725,"by each compilation stage, see Fig. 12(b). We found that Pytket with the backend implemented in C++ showed the best runtime performance. Qiskit, PyZX and Cirq fully implemented in Python have comparable execution times.",true,true,true,true,,,,,,scalar_directional,scalar_directional,true,true,true,true,true,yes,yes,yes,yes,exact,Wilson_direction_preservation,yes,none,no,no,no,,high,no,tier=T1
ext_2202_14025v1_legacy_claim13,2202.14025v1,data/slr/paper_texts/2202.14025v1.txt,verified_sentence,line 958,that QiskitPl and PytketPl demonstrate similar compression performance on average successfully improving the circuit cost function.,true,true,true,true,structured circuit compression,QiskitPl,PytketPl,compression performance and circuit cost improvement,A ~= B,multi_objective,multi_objective,false,false,true,true,false,,no,,yes,relation_specific,dominance_check,yes,non_scalar_relation,no,no,no,,high,no,Source confirms 2+ metrics; multi-objective relation; dominance_check is formal.
ext_2202_14025v1_legacy_claim22,2202.14025v1,data/slr/paper_texts/2202.14025v1.txt,verified_sentence,line 1295,"Trotter decomposition circuits, subroutines PytketChem and FullReduce demonstrate the best and the worst two-qubit gates count compression performance, which also matches conclusions of in accordance to Section 5.2. In the case of",true,true,true,true,,,,,,scalar_directional,scalar_directional,true,true,true,true,true,no,no,yes,yes,source_supported_extension,Wilson_direction_preservation,yes,missing_baseline_implementation,no,no,no,,high,no,tier=T3
ext_2202_14025v1_legacy_claim3,2202.14025v1,data/slr/paper_texts/2202.14025v1.txt,verified_sentence,line 528,"In Fig. 6 we compare performance of quantum compilers for the task of compression of randomly generated threequbit circuits. Pytket achieved the best compression results for both CX and single-qubit gate counts, although Pytket still was not able to reach the theoretical upper bound on the CX count ",true,true,true,true,three-qubit random circuit compression,Pytket,Qiskit/Cirq/PyZX competitors,CX and single-qubit gate count compression,A > B (multi-objective),multi_objective,multi_objective,false,false,true,true,false,,no,,yes,relation_specific,dominance_check,yes,non_scalar_relation,no,no,no,,high,no,Source asserts joint best on CX and single-qubit count; multi-objective. Wilson cell-wise diagnostic available.
ext_2202_14025v1_legacy_claim5,2202.14025v1,data/slr/paper_texts/2202.14025v1.txt,verified_sentence,line 604,"routing/mapping subroutines is very similar for a wide range of values of k according to CX count overhead metric. Both algorithms show somewhat diﬀerent performance according to CX depth overhead, where Transpile (Qiskit)",true,true,false,true,routing/mapping on random k-regular graphs,Qiskit Transpile,Pytket DefaultMapping,CX count overhead,A ~= B,,equality,false,false,false,true,false,,no,,yes,relation_specific,categorical_check,no,non_scalar_relation,no,no,yes,previous specifiable=false; source supports filled schema with equality relation,high,no,Equality/similarity is a non-scalar relation; categorical_check is the formal checker.
ext_2202_14025v1_legacy_claim6,2202.14025v1,data/slr/paper_texts/2202.14025v1.txt,verified_sentence,line 605,"Both algorithms show somewhat diﬀerent performance according to CX depth overhead, where Transpile (Qiskit) outperforms DefaultMapping (Pytket) for densely connected graphs with node degrees k ≳ 8.",true,true,true,true,,,,,,scalar_directional,scalar_directional,true,true,true,true,true,yes,yes,yes,yes,exact,Wilson_direction_preservation,yes,none,no,no,no,,high,no,tier=T1
ext_2202_14025v1_legacy_claim8,2202.14025v1,data/slr/paper_texts/2202.14025v1.txt,insufficient_context,,,true,true,true,true,routing/mapping on target circuits and hardware architectures,Cirq GreedyRouting,Qiskit/Pytket routing methods,CX count/depth overhead,A > B,scalar_directional,scalar_directional,true,true,false,false,false,,no,,yes,source_supported_extension,Wilson_direction_preservation,yes,missing_hardware_noise,yes,no,no,,medium,yes,O1/O2 source-reporting blocker confirmed by failed_criteria_by_claim; scalar relation valid.
ext_2204_10741v2_claim1,2204.10741v2,data/slr/paper_texts/2204.10741v2.txt,insufficient_context,,,true,true,true,true,QKS excited-state eigensolver,QDavidson,existing QKS methods such as QLanczos,convergence speed and circuit depth,A > B,multi_objective,multi_objective,false,false,false,true,false,,no,,yes,relation_specific,dominance_check,yes,non_scalar_relation,no,no,no,,medium,yes,Source confirms 2+ metrics; multi-objective relation; dominance_check is formal.
ext_2204_10741v2_claim2,2204.10741v2,data/slr/paper_texts/2204.10741v2.txt,insufficient_context,,,true,true,true,true,six-spin QKS circuit-depth comparison,QDavidson,QLanczos,maximum gate depth for same energy accuracy,A < B,scalar_directional,scalar_directional,true,true,false,false,false,,no,,yes,source_supported_extension,Wilson_direction_preservation,yes,missing_artifact,yes,no,no,,medium,yes,O1/O2 source-reporting blocker confirmed by failed_criteria_by_claim; scalar relation valid.
ext_2204_10741v2_claim3,2204.10741v2,data/slr/paper_texts/2204.10741v2.txt,verified_sentence,line 553,it is noteworthy that the shots needed for QDavidson to converge are fewer than for the VQE procedure since the,true,true,true,true,QDavidson under finite-shot sampling,QDavidson,VQE procedure,shots needed to converge,A < B,scalar_directional,scalar_directional,true,true,false,false,false,,no,,yes,source_supported_extension,Wilson_direction_preservation,yes,missing_artifact,yes,no,no,,high,no,O1/O2 source-reporting blocker confirmed by failed_criteria_by_claim; scalar relation valid.
ext_2204_13719v3_claim2,2204.13719v3,data/slr/paper_texts/2204.13719v3.txt,insufficient_context,,,true,true,true,true,MQT Bench benchmark generation,Qiskit benchmark generation,TKET benchmark generation,benchmark generation time and number of generated benchmarks,A > B,multi_objective,multi_objective,false,false,true,true,false,,no,,yes,relation_specific,dominance_check,yes,non_scalar_relation,no,no,no,,medium,yes,Source confirms 2+ metrics; multi-objective relation; dominance_check is formal.
ext_2205_01192v1_claim1,2205.01192v1,data/slr/paper_texts/2205.01192v1.txt,insufficient_context,,,true,true,true,true,MaxCut random regular graph ansatz comparison,QAOA+,alternative multiangle QAOA ansätze,approximation ratio / performance,A > B,scalar_directional,scalar_directional,true,true,false,false,false,,no,,yes,source_supported_extension,Wilson_direction_preservation,yes,missing_artifact,yes,no,no,,medium,yes,O1/O2 source-reporting blocker confirmed by failed_criteria_by_claim; scalar relation valid.
ext_2205_01192v1_claim2,2205.01192v1,data/slr/paper_texts/2205.01192v1.txt,insufficient_context,,,true,true,true,true,QAOA+ vs standard QAOA,QAOA+,standard QAOA,approximation ratio,A > B,scalar_directional,scalar_directional,true,true,false,false,false,,no,,yes,source_supported_extension,Wilson_direction_preservation,yes,missing_artifact,yes,no,no,,medium,yes,O1/O2 source-reporting blocker confirmed by failed_criteria_by_claim; scalar relation valid.
ext_2205_01192v1_claim3,2205.01192v1,data/slr/paper_texts/2205.01192v1.txt,verified_sentence,line 275,"have observed that QAOA+ always gives higher approximation ratios than ma-QAOA does at equal parameter numbers, despite the fact that with the full 20 parameters ma-QAOA outperforms the maximally parameterized 17-parameter QAOA+.",true,true,true,true,QAOA+ vs ma-QAOA at equal parameter count,QAOA+,ma-QAOA,approximation ratio,A > B,scalar_directional,scalar_directional,true,true,false,false,false,,no,,yes,source_supported_extension,Wilson_direction_preservation,yes,missing_artifact,yes,no,no,,high,no,O1/O2 source-reporting blocker confirmed by failed_criteria_by_claim; scalar relation valid.
ext_2205_01726v1_claim1,2205.01726v1,data/slr/paper_texts/2205.01726v1.txt,insufficient_context,,,true,true,true,true,,,,,,scalar_directional,scalar_directional,true,true,true,true,true,no,no,yes,yes,source_supported_extension,Wilson_direction_preservation,yes,missing_baseline_implementation,no,no,no,,medium,yes,tier=T3
ext_2205_01726v1_claim5,2205.01726v1,data/slr/paper_texts/2205.01726v1.txt,insufficient_context,,,true,true,true,true,,,,,,scalar_directional,scalar_directional,true,true,true,true,true,no,no,yes,yes,source_supported_extension,Wilson_direction_preservation,yes,missing_baseline_implementation,no,no,no,,medium,yes,tier=T3
ext_2205_03441v1_claim4,2205.03441v1,data/slr/paper_texts/2205.03441v1.txt,verified_sentence,line 691,"ISM). Also, as it was mentioned, the Max-Cut problem translation to a quantum circuit needs less quantum gates and this allows, in the case of the real simulations, to maintain a lower number of quantum gates compared with the",true,true,true,true,QAOA problem-family implementation,Max-Cut translation,ISM translation,quantum_gate_count_and_closeness_to_optimum,A < B,scalar_directional,scalar_directional,true,true,false,false,false,,no,,yes,source_supported_extension,Wilson_direction_preservation,yes,missing_artifact,yes,no,no,,high,no,O1/O2 source-reporting blocker confirmed by failed_criteria_by_claim; scalar relation valid.
ext_2206_06684v1_claim1,2206.06684v1,data/slr/paper_texts/2206.06684v1.txt,insufficient_context,,,true,true,true,true,,,,,,scalar_directional,relation_specific,true,false,true,true,false,no,no,yes,yes,relation_specific,relation-specific (see notes),no,invalid_runtime_environment,no,no,no,,medium,yes,tier=T3
ext_2206_06684v1_claim2,2206.06684v1,data/slr/paper_texts/2206.06684v1.txt,insufficient_context,,,true,true,true,true,,,,,,scalar_directional,scalar_directional,true,true,true,true,true,no,no,yes,yes,source_supported_extension,Wilson_direction_preservation,yes,missing_baseline_implementation,no,no,no,,medium,yes,tier=T3
ext_2206_09938v2_claim2,2206.09938v2,data/slr/paper_texts/2206.09938v2.txt,verified_sentence,line 524,"Additionally, we also show in Figure 3 that this gain is not won at the cost of total two-qubit gates – the latter remains",true,true,true,true,,,,,,scalar_directional,unclear_boundary,true,false,true,true,false,no,no,no,no,boundary_no_design,boundary_report,no,source_inconsistency,yes,no,no,,high,no,tier=T3
ext_2209_02669v3_claim1,2209.02669v3,data/slr/paper_texts/2209.02669v3.txt,verified_sentence,line 17,architecture. Our optimized Toﬀoli gate implementation demonstrates an 18% reduction in inﬁdelity compared with the canonical implementation as benchmarked on IBM Jakarta with quantum process,true,true,true,true,,,,,,scalar_directional,relation_specific,true,false,true,true,false,no,no,yes,yes,relation_specific,relation-specific (see notes),no,missing_evidence_object,no,yes,no,,high,no,tier=T3
ext_2209_02669v3_claim2,2209.02669v3,data/slr/paper_texts/2209.02669v3.txt,verified_sentence,line 423,"measured our optimized Toﬀoli gate, the canonical Toﬀoli gate, and the IBM Qiskit-compiled Toﬀoli gate average gate ﬁdelities to be 0 .864 ± 0.00166, 0.834 ± 0.00153, and 0 .828 ± 0.00166, respectively. Therefore,",true,true,true,true,,,,,,scalar_directional,relation_specific,true,false,true,true,false,no,no,yes,yes,relation_specific,relation-specific (see notes),no,missing_evidence_object,no,yes,no,,high,no,tier=T3
ext_2211_07685v3_claim1,2211.07685v3,data/slr/paper_texts/2211.07685v3.txt,insufficient_context,,,true,true,true,true,,,,,,scalar_directional,relation_specific,true,false,true,true,false,no,no,yes,yes,relation_specific,relation-specific (see notes),no,source_inconsistency,yes,no,no,,medium,yes,tier=T3
ext_2211_07685v3_claim2,2211.07685v3,data/slr/paper_texts/2211.07685v3.txt,verified_sentence,line 593,"9-qubit experiment we achieved a 467 times shallower circuit than with QISKIT. Except a single example of the program rd53_138, our results also surpass the",true,true,true,true,,,,,,scalar_directional,relation_specific,true,false,true,true,false,no,no,yes,yes,relation_specific,relation-specific (see notes),no,source_inconsistency,yes,no,no,,high,no,tier=T3
ext_2211_07685v3_claim3,2211.07685v3,data/slr/paper_texts/2211.07685v3.txt,verified_sentence,line 32,"qubit rotations and controlled two-qubit gates on FPGA chip s. In our benchmark with the QISKIT package, the depth of the circuits produ ced by the SQUANDER package (with the DFE accelerator support) were le ss by 97% on",true,true,true,true,,,,,,scalar_directional,scalar_directional,true,true,true,true,true,no,no,yes,yes,source_supported_extension,Wilson_direction_preservation,yes,missing_baseline_implementation,no,no,no,,high,no,tier=T3
ext_2211_07685v3_claim4,2211.07685v3,data/slr/paper_texts/2211.07685v3.txt,verified_sentence,line 454,"According to our numerical experiments, the DFE implementa tion on a single FPGA chip can evaluate the cost function (1) and its gradi ent components by about (6 − 13)× faster than our CPU implementation on a computing server",true,true,true,true,,,,,,scalar_directional,relation_specific,true,false,true,true,false,no,no,yes,yes,relation_specific,relation-specific (see notes),no,missing_evidence_object,no,yes,no,,high,no,tier=T3
ext_2212_11405v1_claim1,2212.11405v1,data/slr/paper_texts/2212.11405v1.txt,verified_sentence,line 491,"Interestingly, as we show below in Section III, even a minimal 1G-ADAPT-VQE scheme could lead in some cases not only to faster convergence but also to lower two-qubit (CNOTs) gate counts.",true,true,true,true,ADAPT-VQE-SCF gate addition strategy,1G-ADAPT / single-gate appending,5G-ADAPT / multiple-gate appending,convergence speed and CNOT count,A > B,multi_objective,multi_objective,false,false,false,true,false,,no,,yes,relation_specific,dominance_check,yes,non_scalar_relation,no,no,no,,high,no,Source confirms 2+ metrics; multi-objective relation; dominance_check is formal.
ext_2212_11405v1_claim2,2212.11405v1,data/slr/paper_texts/2212.11405v1.txt,verified_sentence,line 558,"stretched H4 molecule in panel (a) of Fig. 3, we note a faster convergence of the Qubit-ADAPT-VQE-SCF algorithm on the basis of a JW mapping in contrast to a BK mapping. Furthermore, similar to the fermionic ADAPT case,",true,true,true,true,Qubit-ADAPT-VQE-SCF mapping choice,Jordan-Wigner mapping,Bravyi-Kitaev mapping,convergence speed,A > B,scalar_directional,scalar_directional,true,true,false,false,false,,no,,yes,source_supported_extension,Wilson_direction_preservation,yes,missing_artifact,yes,no,no,,high,no,O1/O2 source-reporting blocker confirmed by failed_criteria_by_claim; scalar relation valid.
ext_2212_11405v1_claim3,2212.11405v1,data/slr/paper_texts/2212.11405v1.txt,insufficient_context,,,true,true,true,true,NO ground-state ADAPT-VQE-SCF ansatz construction,Qubit-ADAPT-VQE-SCF,fermionic ADAPT-VQE-SCF,CNOT gate count,A < B,scalar_directional,scalar_directional,true,true,false,false,false,,no,,yes,source_supported_extension,Wilson_direction_preservation,yes,missing_artifact,yes,no,no,,medium,yes,O1/O2 source-reporting blocker confirmed by failed_criteria_by_claim; scalar relation valid.
ext_2301_00520v2_claim3,2301.00520v2,data/slr/paper_texts/2301.00520v2.txt,verified_sentence,line 654,performance. The 2-round QAOA results had better average energy compared the 1-round results in 6 out of the 10 problem instances.,true,true,true,true,,,,,,scalar_directional,scalar_directional,true,true,true,true,true,no,no,yes,yes,source_supported_extension,Wilson_direction_preservation,yes,missing_baseline_implementation,no,no,no,,high,no,tier=T3
ext_2301_00520v2_claim5,2301.00520v2,data/slr/paper_texts/2301.00520v2.txt,verified_sentence,line 870,D-Wave devices performance diﬀerences: One last observation from Figure 6 is that there a small but consistent performance diﬀerence between the two quantum annealers; the slightly older generationAdvantage system4.1 yields lower mean energy thanAdvantage system6.1. Simulated annealing is comparable,true,true,true,true,higher-order Ising quantum annealing,Advantage system4.1,Advantage system6.1,mean_energy,A < B,scalar_directional,scalar_directional,true,true,false,false,false,,no,,yes,source_supported_extension,Wilson_direction_preservation,yes,missing_hardware_noise,yes,no,no,,high,no,O1/O2 source-reporting blocker confirmed by failed_criteria_by_claim; scalar relation valid.
ext_2302_04479v2_claim1,2302.04479v2,data/slr/paper_texts/2302.04479v2.txt,insufficient_context,,,true,true,true,true,,,,,,scalar_directional,scalar_directional,true,true,true,true,true,no,no,yes,yes,source_supported_extension,Wilson_direction_preservation,yes,missing_baseline_implementation,no,no,no,,medium,yes,tier=T3
ext_2302_04479v2_claim2,2302.04479v2,data/slr/paper_texts/2302.04479v2.txt,insufficient_context,,,true,true,true,true,,,,,,scalar_directional,scalar_directional,true,true,true,true,true,no,no,yes,yes,source_supported_extension,Wilson_direction_preservation,yes,missing_baseline_implementation,no,no,no,,medium,yes,tier=T3
ext_2302_04479v2_claim3,2302.04479v2,data/slr/paper_texts/2302.04479v2.txt,insufficient_context,,,true,true,true,true,,,,,,scalar_directional,scalar_directional,true,true,true,true,true,no,no,yes,yes,source_supported_extension,Wilson_direction_preservation,yes,missing_baseline_implementation,no,no,no,,medium,yes,tier=T3
ext_2303_02830v1_claim1,2303.02830v1,data/slr/paper_texts/2303.02830v1.txt,insufficient_context,,,true,true,true,true,,,,,,scalar_directional,unclear_boundary,true,false,true,true,false,no,no,no,no,boundary_no_design,boundary_report,no,invalid_runtime_environment,no,no,no,,medium,yes,tier=T3
ext_2303_08910v3_claim1,2303.08910v3,data/slr/paper_texts/2303.08910v3.txt,verified_sentence,line 11,"with tensors constrained to certain Trotter circuits. Here, we determine the scaling of computation costs for various critical spin chains which substantiates a polynomial quantum advantage in comparison to classical MERA simulations based on exact energy gradients or variational Monte Carlo. Algori",true,true,true,true,critical spin-chain MERA simulation,TMERA VQE,classical MERA methods,computation-cost scaling,A > B,scalar_directional,scalar_directional,true,true,false,false,false,,no,,yes,source_supported_extension,Wilson_direction_preservation,yes,missing_artifact,yes,no,no,,high,no,O1/O2 source-reporting blocker confirmed by failed_criteria_by_claim; scalar relation valid.
ext_2304_03829v1_claim2,2304.03829v1,data/slr/paper_texts/2304.03829v1.txt,verified_sentence,line 550,"Fully-explicit function representations not only result in increased circuit complexity, but also in increased time-to-synthesis, which is again higher for TBS than for ESOP. (See Figure 9.) On average, synthesis time was",true,true,true,true,oracle synthesis from explicit function representations,ESOP synthesis,TBS synthesis,time-to-synthesis,A < B,scalar_directional,scalar_directional,true,true,false,false,false,,no,,yes,source_supported_extension,Wilson_direction_preservation,yes,missing_artifact,yes,no,no,,high,no,O1/O2 source-reporting blocker confirmed by failed_criteria_by_claim; scalar relation valid.
ext_2304_03829v1_claim3,2304.03829v1,data/slr/paper_texts/2304.03829v1.txt,insufficient_context,,,true,true,true,true,oracle synthesis preprocessing,ESOP alone,ESOP with RTT preprocessing,time-to-synthesis,A < B,scalar_directional,scalar_directional,true,true,false,false,false,,no,,yes,source_supported_extension,Wilson_direction_preservation,yes,missing_artifact,yes,no,no,,medium,yes,O1/O2 source-reporting blocker confirmed by failed_criteria_by_claim; scalar relation valid.
ext_2304_03829v1_claim4,2304.03829v1,data/slr/paper_texts/2304.03829v1.txt,verified_sentence,line 547,"illustrating that the circuit complexity is signiﬁcantly higher (on average, 6,981.6) when ESOP is applied after RTT preprocessing than when ESOP is applied without RTT preprocessing. This again suggests that function",true,true,false,true,oracle synthesis ESOP with vs without RTT preprocessing,ESOP without RTT preprocessing,ESOP with RTT preprocessing,average circuit complexity,A < B,,scalar_directional,false,true,false,false,false,,no,,yes,source_supported_extension,Wilson_direction_preservation,yes,missing_artifact,yes,no,yes,"previous specifiable=false; source gives explicit complexity numbers (6,981.6) and direction",high,no,Source-side artifact missing; reconstruction would be source-supported extension on benchmark set.
ext_2304_08814v2_claim5,2304.08814v2,data/slr/paper_texts/2304.08814v2.txt,insufficient_context,,,true,true,true,true,,,,,,scalar_directional,scalar_directional,true,true,true,true,true,yes,yes,yes,yes,exact,Wilson_direction_preservation,yes,none,no,no,no,,medium,yes,tier=T1
ext_2304_08814v2_claim6,2304.08814v2,data/slr/paper_texts/2304.08814v2.txt,verified_sentence,line 565,"Steiner-GraySynth are an order of magnitude faster than Qiskit and TKET, even though the additional iterations of Reverse Traversal increased the normal",true,true,true,true,,,,,,scalar_directional,relation_specific,true,false,true,true,false,no,no,yes,yes,relation_specific,relation-specific (see notes),no,missing_evidence_object,yes,no,no,,high,no,tier=T3
ext_2304_08814v2_claim7,2304.08814v2,data/slr/paper_texts/2304.08814v2.txt,verified_sentence,line 556,"compiler. For small circuits, TKET is the best compiler, but for larger circuits, ParitySynth and Steiner-GraySynth generated fewer CNOTs. We can see the",true,true,true,true,,,,,,scalar_directional,relation_specific,true,false,true,true,false,no,no,yes,yes,relation_specific,relation-specific (see notes),no,missing_evidence_object,no,no,no,,high,no,tier=T3
ext_2305_03390v1_claim1,2305.03390v1,data/slr/paper_texts/2305.03390v1.txt,verified_sentence,line 427,"consistently outperforms the QUBO approach for higher order functions, as the expected value, the median and the overall variance are significantly lower for PUBO. This becomes increasingly apparent",true,true,false,true,continuous optimization with QAOA at higher-order objective functions,PUBO formulation,QUBO formulation,"expected value, median, and overall variance (multi-metric)",A > B (multi-objective with simulator-only context),,multi_objective,false,false,false,true,false,,no,,yes,relation_specific,dominance_check,yes,non_scalar_relation,no,no,yes,previous specifiable=false; source gives clear PUBO vs QUBO claim with three metrics (multi-objective),high,no,"Source explicitly names three metrics (expected value, median, variance); dominance_check applies."
ext_2305_03390v1_claim2,2305.03390v1,data/slr/paper_texts/2305.03390v1.txt,verified_sentence,line 644,"Continuing with the circuit depth (also displayed in figure 8), we can observe a clear disadvantage of the PUBO approach when",true,true,true,true,continuous optimization with QAOA,QUBO approach,PUBO approach,circuit_depth,A < B,scalar_directional,scalar_directional,true,true,false,false,false,,no,,yes,source_supported_extension,Wilson_direction_preservation,yes,missing_hardware_noise,yes,no,no,,high,no,O1/O2 source-reporting blocker confirmed by failed_criteria_by_claim; scalar relation valid.
ext_2305_03390v1_claim3,2305.03390v1,data/slr/paper_texts/2305.03390v1.txt,verified_sentence,line 667,"equally. When using a quantum circuit simulator however, the wallclock times for the PUBO formulations showed much better results, most probably because of the lower number of qubits that need to",true,true,true,true,,,,,,scalar_directional,scalar_directional,true,true,true,true,true,no,no,yes,yes,source_supported_extension,Wilson_direction_preservation,yes,missing_baseline_implementation,no,no,no,,high,no,tier=T3
ext_2306_02024v1_claim1,2306.02024v1,data/slr/paper_texts/2306.02024v1.txt,verified_sentence,line 334,"TTOpt outperforms the BFGS optimizer for L = 2 − 4 layers, but its convergence improves with L slower and",true,true,true,true,,,,,,scalar_directional,scalar_directional,true,true,true,true,true,no,no,yes,yes,source_supported_extension,Wilson_direction_preservation,yes,missing_baseline_implementation,no,no,no,,high,no,tier=T3
ext_2308_01789v1_claim1,2308.01789v1,data/slr/paper_texts/2308.01789v1.txt,insufficient_context,,,true,true,true,true,,,,,,scalar_directional,scalar_directional,true,true,true,true,true,no,no,yes,yes,source_supported_extension,Wilson_direction_preservation,yes,missing_baseline_implementation,no,no,no,,medium,yes,tier=T3
ext_2308_01789v1_claim2,2308.01789v1,data/slr/paper_texts/2308.01789v1.txt,verified_sentence,line 394,"Furthermore, V Ans builds circuits with the lowest number of gates and cnot gates, probably because it is the only algorit hm",true,true,true,true,,,,,,scalar_directional,scalar_directional,true,true,true,true,true,no,no,yes,yes,source_supported_extension,Wilson_direction_preservation,yes,missing_baseline_implementation,no,no,no,,high,no,tier=T3
ext_2308_02536v1_legacy_claim1,2308.02536v1,data/slr/paper_texts/2308.02536v1.txt,verified_sentence,line 362,scheduling task even a vanilla PPO agent can learn policies which can outperform the standard priority-based ALAP approach. We demonstrate this finding in a proof of concept.,true,true,false,true,quantum circuit scheduling with commutation-aware compilation,PPO scheduling policy,priority-based ALAP,schedule length,A < B,,scalar_directional,false,true,false,false,false,,no,,yes,source_supported_extension,Wilson_direction_preservation,yes,missing_seed_policy,yes,no,yes,previous specifiable=false; sentence + adjacent Fig.3 context support PPO<ALAP schedule length,medium,no,Metric inferred from immediate paragraph (Fig.3 schedule length); training-stochasticity reporting gap is the planning blocker.
ext_2308_02536v1_legacy_claim2,2308.02536v1,data/slr/paper_texts/2308.02536v1.txt,insufficient_context,,,true,true,true,true,,,,,,scalar_directional,scalar_directional,true,true,true,true,true,no,no,yes,yes,source_supported_extension,Wilson_direction_preservation,yes,missing_baseline_implementation,no,no,no,,medium,yes,tier=T3
ext_2308_10383v2_claim4,2308.10383v2,data/slr/paper_texts/2308.10383v2.txt,insufficient_context,,,true,true,true,true,,,,,,scalar_directional,scalar_directional,true,true,true,true,true,no,no,yes,yes,source_supported_extension,Wilson_direction_preservation,yes,missing_baseline_implementation,no,no,no,,medium,yes,tier=T3
ext_2309_00047v1_claim1,2309.00047v1,data/slr/paper_texts/2309.00047v1.txt,insufficient_context,,,true,true,true,true,MaxCut ADAPT-QAOA,Dynamic-ADAPT-QAOA,ADAPT-QAOA,cnot_count_at_approximation_ratio,A < B,scalar_directional,scalar_directional,true,true,false,false,false,,no,,yes,source_supported_extension,Wilson_direction_preservation,yes,missing_artifact,yes,no,no,,medium,yes,O1/O2 source-reporting blocker confirmed by failed_criteria_by_claim; scalar relation valid.
ext_2309_00047v1_claim2,2309.00047v1,data/slr/paper_texts/2309.00047v1.txt,insufficient_context,,,true,true,true,true,MaxCut under gate noise,Dynamic-ADAPT-QAOA,standard ADAPT-QAOA,approximation_ratio,A > B,scalar_directional,scalar_directional,true,true,false,false,false,,no,,yes,source_supported_extension,Wilson_direction_preservation,yes,missing_artifact,yes,no,no,,medium,yes,O1/O2 source-reporting blocker confirmed by failed_criteria_by_claim; scalar relation valid.
ext_2309_00047v1_claim3,2309.00047v1,data/slr/paper_texts/2309.00047v1.txt,insufficient_context,,,true,true,true,true,MaxCut under gate noise,Dynamic-ADAPT-QAOA,standard ADAPT-QAOA,critical_gate_error_probability,A > B,scalar_directional,scalar_directional,true,true,false,false,false,,no,,yes,source_supported_extension,Wilson_direction_preservation,yes,missing_artifact,yes,no,no,,medium,yes,O1/O2 source-reporting blocker confirmed by failed_criteria_by_claim; scalar relation valid.
ext_2309_00047v1_claim5,2309.00047v1,data/slr/paper_texts/2309.00047v1.txt,verified_sentence,line 1284,"mitigation. These are depicted in FIG. 9. The data shows that applying error mitigation, even if it is just to secondorder, we can improve, on average, the outputted approximation ratio by Dynamic-ADAPT-QAOA. Additionally, extending this technique to other versions of QAOA should be analogous. Howev",true,true,true,true,Dynamic-ADAPT-QAOA under gate error,error-mitigated Dynamic-ADAPT-QAOA,unmitigated Dynamic-ADAPT-QAOA,mean_approximation_ratio,A > B,scalar_directional,scalar_directional,true,true,false,false,false,,no,,yes,source_supported_extension,Wilson_direction_preservation,yes,missing_artifact,yes,no,no,,high,no,O1/O2 source-reporting blocker confirmed by failed_criteria_by_claim; scalar relation valid.
ext_2309_01028v2_claim4,2309.01028v2,data/slr/paper_texts/2309.01028v2.txt,verified_sentence,line 1054,"First, the ESOP synthesis and TBS methods provide different advantages: while ESOP nearly always produces circuits with lower complexity, TBS generally produces circuits with fewer qubits than ESOP synthesis. (See Figure",true,true,false,true,automated subcircuit synthesis,ESOP synthesis,TBS synthesis,circuit complexity vs qubit count (multi-metric tradeoff),A < B on complexity; A > B on qubits (multi-objective),,multi_objective,false,false,false,true,false,,no,,yes,relation_specific,dominance_check,yes,non_scalar_relation,no,no,yes,previous specifiable=false; source explicitly states tradeoff on two metrics,high,no,"Multi-objective: ESOP wins on complexity, TBS wins on qubit count."
ext_2309_01028v2_claim5,2309.01028v2,data/slr/paper_texts/2309.01028v2.txt,verified_sentence,line 1068,"higher average complexity than ESOP synthesis without (6.981.6 versus 3, 769.5) further supports the conclusion that ESOP synthesis is able to substantially reduce cost by utilizing incompletely-specified functions.",true,true,false,true,automated subcircuit synthesis with vs without preprocessing,ESOP without preprocessing,ESOP with preprocessing,average circuit complexity,A < B,,scalar_directional,false,true,false,true,true,,no,,yes,source_supported_extension,Wilson_direction_preservation,yes,missing_baseline_implementation,no,no,yes,previous specifiable=false/scalar=false; source gives explicit 6981.6 vs 3769.5,high,no,Zenodo artifact gives a base for source-supported extension; benchmark set declared.
ext_2309_04754v1_claim1,2309.04754v1,data/slr/paper_texts/2309.04754v1.txt,verified_sentence,line 84,1. Exponential saving on input state copies: To achieve arbitrarily precise estimates of all function evaluations that one encounters during an iterative optimization of the,true,true,true,true,,,,,,scalar_directional,scalar_directional,true,true,true,true,true,no,no,yes,yes,source_supported_extension,Wilson_direction_preservation,yes,missing_baseline_implementation,no,no,no,,high,no,tier=T3
ext_2309_05157v1_claim1,2309.05157v1,data/slr/paper_texts/2309.05157v1.txt,insufficient_context,,,true,true,true,true,,,,,,scalar_directional,relation_specific,true,false,true,true,false,no,no,yes,yes,relation_specific,relation-specific (see notes),no,missing_evidence_object,no,yes,no,,medium,yes,tier=T4
ext_2309_05157v1_claim2,2309.05157v1,data/slr/paper_texts/2309.05157v1.txt,insufficient_context,,,true,true,true,true,,,,,,scalar_directional,relation_specific,true,false,true,true,false,no,no,yes,yes,relation_specific,relation-specific (see notes),no,missing_evidence_object,no,yes,no,,medium,yes,tier=T4
ext_2309_05157v1_claim6,2309.05157v1,data/slr/paper_texts/2309.05157v1.txt,verified_sentence,line 514,"while Qiskit beats the direct AceCR(θ) implementation for γ ∈ { 0.25π, 0.75π, π}, future iterations of Superstaq will",true,true,true,true,two-qubit QAOA direct AceCR implementation on IBM hardware,Qiskit calibrated implementation,direct AceCR(theta) implementation,Hellinger fidelity,A > B,scalar_directional,scalar_directional,true,true,false,false,false,,no,,yes,source_supported_extension,Wilson_direction_preservation,yes,missing_hardware_noise,yes,no,no,,high,no,O1/O2 source-reporting blocker confirmed by failed_criteria_by_claim; scalar relation valid.
ext_2309_16796v3_claim1,2309.16796v3,data/slr/paper_texts/2309.16796v3.txt,verified_sentence,line 518,QAOA circuits. We attempt to incorporate the quantum speedup from parallelism with the exploitation-exploration accuracy benefits of metaheuristic algorithms. Our research provides a novel insight into the applications of metaheuristicboosted QAOA circuits and their comparisons against Quantum Annea,true,true,true,true,QUBO/NPP optimization,metaheuristic-integrated QAOA,standard QAOA,accuracy,A > B,scalar_directional,scalar_directional,true,true,false,false,false,,no,,yes,source_supported_extension,Wilson_direction_preservation,yes,missing_artifact,yes,no,no,,high,no,O1/O2 source-reporting blocker confirmed by failed_criteria_by_claim; scalar relation valid.
ext_2309_16796v3_claim2,2309.16796v3,data/slr/paper_texts/2309.16796v3.txt,insufficient_context,,,true,true,true,true,QAOA optimizer comparison,QAOA with Ant Colony Swarm Optimization,QAOA with DE/PSO/GA and standard QAOA,accuracy,A > B,scalar_directional,scalar_directional,true,true,false,false,false,,no,,yes,source_supported_extension,Wilson_direction_preservation,yes,missing_artifact,yes,no,no,,medium,yes,O1/O2 source-reporting blocker confirmed by failed_criteria_by_claim; scalar relation valid.
ext_2309_16796v3_claim3,2309.16796v3,data/slr/paper_texts/2309.16796v3.txt,insufficient_context,,,true,true,true,true,QAOA optimizer comparison,standard QAOA,metaheuristic-optimized QAOA,time complexity,A < B,scalar_directional,scalar_directional,true,true,false,false,false,,no,,yes,source_supported_extension,Wilson_direction_preservation,yes,missing_artifact,yes,no,no,,medium,yes,O1/O2 source-reporting blocker confirmed by failed_criteria_by_claim; scalar relation valid.
ext_2310_10360v2_claim2,2310.10360v2,data/slr/paper_texts/2310.10360v2.txt,verified_sentence,line 375,"graphs. Remarkably enough, the resultant approximation ratios are higher as compared to those of the classical GoemansWilliamson algorithm. We believe that our results might be useful for future research to overcome optimization issues in",true,true,true,true,max-k-cut approximation benchmarking,PROTES-optimized QAOA,Goemans-Williamson algorithm,approximation ratio,A > B,scalar_directional,scalar_directional,true,true,false,false,false,,no,,yes,source_supported_extension,Wilson_direction_preservation,yes,missing_artifact,yes,no,no,,high,no,O1/O2 source-reporting blocker confirmed by failed_criteria_by_claim; scalar relation valid.
ext_2311_02151v2_claim1,2311.02151v2,data/slr/paper_texts/2311.02151v2.txt,insufficient_context,,,true,true,true,true,spin-glass QAOA scaling,standard QAOA,parity-encoded QAOA,scaling advantage/runtime justification,A > B,scalar_directional,scalar_directional,true,true,false,false,false,,no,,yes,source_supported_extension,Wilson_direction_preservation,yes,missing_artifact,yes,no,no,,medium,yes,O1/O2 source-reporting blocker confirmed by failed_criteria_by_claim; scalar relation valid.
ext_2311_02151v2_claim2,2311.02151v2,data/slr/paper_texts/2311.02151v2.txt,verified_sentence,line 671,"As there is a quadratic qubit overhead in the parity-encoded QAOA, the total number of gates needed for this algorithm scales less favorably than for vanilla QAOA. However, we have not",true,true,true,true,spin-glass QAOA resources,vanilla QAOA,parity-encoded QAOA,total gate count scaling,A < B,scalar_directional,scalar_directional,true,true,false,false,false,,no,,yes,source_supported_extension,Wilson_direction_preservation,yes,missing_artifact,yes,no,no,,high,no,O1/O2 source-reporting blocker confirmed by failed_criteria_by_claim; scalar relation valid.
ext_2311_15123v3_claim1,2311.15123v3,data/slr/paper_texts/2311.15123v3.txt,insufficient_context,,,true,true,true,true,neutral-atom compilation,Atomique,IBM Superconducting and FAA baselines,depth and two-qubit gate count,A < B,multi_objective,multi_objective,false,false,true,true,false,,no,,yes,relation_specific,dominance_check,yes,non_scalar_relation,no,no,no,,medium,yes,Source confirms 2+ metrics; multi-objective relation; dominance_check is formal.
ext_2311_15123v3_claim3,2311.15123v3,data/slr/paper_texts/2311.15123v3.txt,verified_sentence,line 1632,"Fig. 13 shows Atomique outperforming four alternative architectures in fidelity, two-qubit gate count, and depth (number of parallel two-qubit layers), exceeding the strongest baseline, FAA-Triangular, by factors of 2.7 ×, 2.8 ×, and 2.2 ×,",true,true,true,true,neutral-atom compilation,Atomique,FAA-Triangular strongest baseline,"fidelity, two-qubit gate count, and depth",A > B,multi_objective,multi_objective,false,false,true,true,false,,no,,yes,relation_specific,dominance_check,yes,non_scalar_relation,no,no,no,,high,no,Source confirms 2+ metrics; multi-objective relation; dominance_check is formal.
ext_2311_15123v3_claim5,2311.15123v3,data/slr/paper_texts/2311.15123v3.txt,verified_sentence,line 1651,"although Q-Pilot has less depth than Atomique, Atomique has better overall fidelity, showing a better balance between depth,",true,true,true,true,,,,,,scalar_directional,relation_specific,true,false,true,true,false,no,no,yes,yes,relation_specific,relation-specific (see notes),no,missing_evidence_object,no,yes,no,,high,no,tier=T4
ext_2311_15123v3_claim7,2311.15123v3,data/slr/paper_texts/2311.15123v3.txt,verified_sentence,line 1693,"(1) Atomique excels in high-degree circuits . In lowdegree, well-localized circuits, Atomique’s performance falls marginally behind FAA due to higher decoherence incurred by",true,true,true,true,,,,,,scalar_directional,relation_specific,true,false,true,true,false,no,no,yes,yes,relation_specific,relation-specific (see notes),no,missing_evidence_object,no,yes,no,,high,no,tier=T4
ext_2312_06922v4_claim1,2312.06922v4,data/slr/paper_texts/2312.06922v4.txt,verified_sentence,line 15,"(VQA-PFS) ansatz, exemplified by the Uncapacitated Facility Location Problem (UFLP), that applies mixed operators on constrained variables while employing Hardware-Efficient Ansatz (HEA) on unconstrained variables. The numerical results demonstrate that VQA-PFS significantly enhances",true,true,true,true,UFLP variational optimization,VQA-PFS,"QAOA+, QAOA, and HEA",success probability and convergence iterations,A > B,multi_objective,multi_objective,false,false,false,true,false,,no,,yes,relation_specific,dominance_check,yes,non_scalar_relation,no,no,no,,high,no,Source confirms 2+ metrics; multi-objective relation; dominance_check is formal.
ext_2312_06922v4_claim2,2312.06922v4,data/slr/paper_texts/2312.06922v4.txt,insufficient_context,,,true,true,true,true,UFLP variational circuit resource use,VQA-PFS,QAOA+ and QAOA,"circuit depth, CNOT gates, and parameter gates",A < B (multi-objective),multi_objective,multi_objective,false,false,false,false,false,,no,,yes,relation_specific,dominance_check,yes,non_scalar_relation,no,no,no,,high,no,Three resource metrics in one claim; multi-objective; previous label consistent.
ext_2401_02852v1_claim2,2401.02852v1,data/slr/paper_texts/2401.02852v1.txt,insufficient_context,,,true,true,true,true,,,,,,scalar_directional,scalar_directional,true,true,true,true,true,no,no,yes,yes,source_supported_extension,Wilson_direction_preservation,yes,missing_baseline_implementation,no,no,no,,medium,yes,tier=T3
ext_2401_09849v1_claim1,2401.09849v1,data/slr/paper_texts/2401.09849v1.txt,verified_sentence,line 450,"results suggest that gradient-based optimizers like ADAM and BFGS typically exhibit faster convergence in comparison to gradient-free optimizers such as COBYLA and NelderMead as they need less function evaluations. Nonetheless, the",true,true,true,true,hybrid DCQC optimizer benchmark,ADAM/BFGS gradient-based optimizers,COBYLA/Nelder-Mead gradient-free optimizers,convergence speed/function evaluations,A > B,scalar_directional,scalar_directional,true,true,false,false,false,,no,,yes,source_supported_extension,Wilson_direction_preservation,yes,missing_artifact,yes,no,no,,high,no,O1/O2 source-reporting blocker confirmed by failed_criteria_by_claim; scalar relation valid.
ext_2401_09849v1_claim3,2401.09849v1,data/slr/paper_texts/2401.09849v1.txt,insufficient_context,,,true,true,true,true,fully parameterized ansatz benchmark,DCQC with SPSA-BFGS,maQAOA,approximation ratio,A > B,scalar_directional,scalar_directional,true,true,false,false,false,,no,,yes,source_supported_extension,Wilson_direction_preservation,yes,missing_artifact,yes,no,no,,medium,yes,O1/O2 source-reporting blocker confirmed by failed_criteria_by_claim; scalar relation valid.
ext_2401_09849v1_claim6,2401.09849v1,data/slr/paper_texts/2401.09849v1.txt,insufficient_context,,,true,true,true,true,hybrid DCQC optimizer benchmark,COBYLA,Nelder-Mead,convergence efficiency,A > B,scalar_directional,scalar_directional,true,true,false,false,false,,no,,yes,source_supported_extension,Wilson_direction_preservation,yes,missing_artifact,yes,no,no,,medium,yes,O1/O2 source-reporting blocker confirmed by failed_criteria_by_claim; scalar relation valid.
ext_2402_02585v1_claim3,2402.02585v1,data/slr/paper_texts/2402.02585v1.txt,insufficient_context,,,true,true,true,true,3-SAT on IonQ Aria,X-QAOA,G-QAOA,solution_probability,A > B,scalar_directional,scalar_directional,true,true,false,false,false,,no,,yes,source_supported_extension,Wilson_direction_preservation,yes,missing_artifact,yes,no,no,,medium,yes,O1/O2 source-reporting blocker confirmed by failed_criteria_by_claim; scalar relation valid.
ext_2402_02585v1_claim4,2402.02585v1,data/slr/paper_texts/2402.02585v1.txt,insufficient_context,,,true,true,true,true,3-SAT on IonQ Aria,G-QAOA,X-QAOA,shots_to_all_solutions_and_fairness,A > B,scalar_directional,scalar_directional,true,true,false,false,false,,no,,yes,source_supported_extension,Wilson_direction_preservation,yes,missing_hardware_noise,yes,no,no,,medium,yes,O1/O2 source-reporting blocker confirmed by failed_criteria_by_claim; scalar relation valid.
ext_2402_12105v1_claim1,2402.12105v1,data/slr/paper_texts/2402.12105v1.txt,verified_sentence,line 20,TN and the VQE. We show that the hybrid TN-VQE implementation improves the convergence of the algorithm in comparison to optimizing randomly-initialized quantum circuits via VQE.,true,true,true,true,tensor-network initialized VQE,hybrid TN-VQE,standard/randomly initialized VQE,convergence / average performance,A > B,scalar_directional,scalar_directional,true,true,false,false,false,,no,,yes,source_supported_extension,Wilson_direction_preservation,yes,missing_artifact,yes,no,no,,high,no,O1/O2 source-reporting blocker confirmed by failed_criteria_by_claim; scalar relation valid.
ext_2402_12105v1_claim2,2402.12105v1,data/slr/paper_texts/2402.12105v1.txt,verified_sentence,line 786,"scheme, we have demonstrated a higher accuracy and efficiency for obtaining the correct solution. This improvement in performance was achieved without varying the circuit, meaning it was possible to keep a shallow circuit depth yet obtain better results. This shows TN",true,true,true,true,tensor-network-assisted VQE solution accuracy,hybrid TN-VQE,standard VQE baseline,accuracy and efficiency,A > B,multi_objective,multi_objective,false,false,false,true,false,,no,,yes,relation_specific,dominance_check,yes,non_scalar_relation,no,no,no,,high,no,Source confirms 2+ metrics; multi-objective relation; dominance_check is formal.
ext_2403_02045v3_claim1,2403.02045v3,data/slr/paper_texts/2403.02045v3.txt,verified_sentence,line 21,"on standard benchmark graphs with several hundred nodes in the MAX-CUT problem, conducted in a fully classical",true,true,true,true,,,,,,scalar_directional,scalar_directional,true,true,true,true,true,no,no,yes,yes,source_supported_extension,Wilson_direction_preservation,yes,missing_baseline_implementation,no,no,no,,high,no,tier=T3
ext_2403_18395v2_claim4,2403.18395v2,data/slr/paper_texts/2403.18395v2.txt,verified_sentence,line 1132,"In summary, QAOA without slack bits is better suited for near-term quantum devices, needing less qubits and shallower",true,true,true,true,near-term QAOA inequality-constraint embedding,QAOA without slack bits,QAOA with slack bits,qubit count and circuit depth,A < B,multi_objective,multi_objective,false,false,false,true,false,,no,,yes,relation_specific,dominance_check,yes,non_scalar_relation,no,no,no,,high,no,Source confirms 2+ metrics; multi-objective relation; dominance_check is formal.
ext_2404_17242v2_claim2,2404.17242v2,data/slr/paper_texts/2404.17242v2.txt,verified_sentence,line 32,"depth QAOA consistently yields worse results than the SDP, our tensor network experiments show that the performance increases",true,true,true,true,MaxCut shrinking algorithms,deeper QAOA circuits,lowest-depth QAOA,approximation_ratio,A > B,scalar_directional,scalar_directional,true,true,false,false,false,,no,,yes,source_supported_extension,Wilson_direction_preservation,yes,missing_artifact,yes,no,no,,high,no,O1/O2 source-reporting blocker confirmed by failed_criteria_by_claim; scalar relation valid.
ext_2404_17242v2_claim3,2404.17242v2,data/slr/paper_texts/2404.17242v2.txt,insufficient_context,,,true,true,true,true,MaxCut shrinking algorithms,SDP correlations,p=1 QAOA correlations,approximation_ratio,A > B,scalar_directional,scalar_directional,true,true,false,false,false,,no,,yes,source_supported_extension,Wilson_direction_preservation,yes,missing_artifact,yes,no,no,,medium,yes,O1/O2 source-reporting blocker confirmed by failed_criteria_by_claim; scalar relation valid.
ext_2405_07624v1_claim5,2405.07624v1,data/slr/paper_texts/2405.07624v1.txt,insufficient_context,,,true,true,true,true,,,,,,scalar_directional,scalar_directional,true,true,true,true,true,no,no,yes,yes,source_supported_extension,Wilson_direction_preservation,yes,missing_baseline_implementation,no,no,no,,medium,yes,tier=T3
ext_2405_09169v3_claim1,2405.09169v3,data/slr/paper_texts/2405.09169v3.txt,verified_sentence,line 108,"We find a scaling improvement in terms of the timeto-solution (TTS) [14] when using LR-QAOA compared to SA, TABU search, and B&B for solving random instances of WMaxcut. This evidence complements the",true,true,true,true,,,,,,scalar_directional,scalar_directional,true,true,true,true,true,no,no,yes,yes,source_supported_extension,Wilson_direction_preservation,yes,missing_baseline_implementation,no,no,no,,high,no,tier=T3
ext_2405_09169v3_claim3,2405.09169v3,data/slr/paper_texts/2405.09169v3.txt,insufficient_context,,,true,true,true,true,,,,,,scalar_directional,scalar_directional,true,true,true,true,true,no,no,yes,yes,source_supported_extension,Wilson_direction_preservation,yes,missing_baseline_implementation,no,no,no,,medium,yes,tier=T3
ext_2405_09169v3_claim4,2405.09169v3,data/slr/paper_texts/2405.09169v3.txt,verified_sentence,line 17,"on multiple QPUs (IonQ, Quantinuum, IBM) with up to Nq = 109 qubits, p = 100, and circuits requiring 21,200 CNOT gates. Finally, we present a noise model based on two-qubit gate counts",true,true,true,false,LR-QAOA hardware demonstration on QPUs,LR-QAOA at 109 qubits / p=100,(implicit) smaller prior QPU runs,qubits/layers/CNOT count attained,scale demonstration,scalar_directional,unclear_boundary,true,false,false,false,false,,no,,no,boundary_no_design,boundary_report,no,missing_comparator,yes,no,yes,previous accepted claim retained; claim-card/scalar labels removed because the comparator is implicit and the statement is a scale demonstration,medium,no,Accepted comparison-level statement retained in the 455-claim corpus; non-specifiable boundary classification remains.
ext_2405_20173v2_claim2,2405.20173v2,data/slr/paper_texts/2405.20173v2.txt,verified_sentence,line 181,The importance of these results is accentuated by the fact that the depths of the circuits employed by Eclipse Qrisp’s QAOA are significantly better than,true,true,true,true,,,,,,scalar_directional,scalar_directional,true,true,true,true,true,no,no,yes,yes,source_supported_extension,Wilson_direction_preservation,yes,source_inconsistency,yes,no,no,,high,no,tier=T3
ext_2406_06836v3_claim2,2406.06836v3,data/slr/paper_texts/2406.06836v3.txt,insufficient_context,,,true,true,true,true,,,,,,scalar_directional,relation_specific,true,false,true,true,false,no,no,yes,yes,relation_specific,relation-specific (see notes),no,invalid_runtime_environment,no,no,no,,medium,yes,tier=T3
ext_2406_14411v1_claim1,2406.14411v1,data/slr/paper_texts/2406.14411v1.txt,insufficient_context,,,true,true,true,true,variational quantum simulation of time evolution,VQS,second-order Trotterization,minimum circuit depth / depth requirement scaling,A < B,scalar_directional,scalar_directional,true,true,false,false,false,,no,,yes,source_supported_extension,Wilson_direction_preservation,yes,missing_artifact,yes,no,no,,medium,yes,O1/O2 source-reporting blocker confirmed by failed_criteria_by_claim; scalar relation valid.
ext_2407_01010v2_claim1,2407.01010v2,data/slr/paper_texts/2407.01010v2.txt,insufficient_context,,,true,true,true,true,,,,,,scalar_directional,scalar_directional,true,true,true,true,true,no,no,yes,yes,source_supported_extension,Wilson_direction_preservation,yes,none,no,no,no,,medium,yes,tier=T3
ext_2407_01010v2_claim3,2407.01010v2,data/slr/paper_texts/2407.01010v2.txt,insufficient_context,,,true,true,true,true,,,,,,scalar_directional,scalar_directional,true,true,true,true,true,no,no,yes,yes,source_supported_extension,Wilson_direction_preservation,yes,missing_baseline_implementation,no,no,no,,medium,yes,tier=T3
ext_2407_01010v2_claim4,2407.01010v2,data/slr/paper_texts/2407.01010v2.txt,insufficient_context,,,true,true,true,true,,,,,,scalar_directional,scalar_directional,true,true,true,true,true,no,no,yes,yes,source_supported_extension,Wilson_direction_preservation,yes,missing_baseline_implementation,no,no,no,,medium,yes,tier=T3
ext_2407_06663v2_claim3,2407.06663v2,data/slr/paper_texts/2407.06663v2.txt,verified_sentence,line 1615,"p2 . Hence the MSQW not only approximates Quantum Annealing better than QAOA since it doesn’t come with the extra commutator term, it also approaches it faster as we increase the",true,true,true,true,quantum annealing approximation,MSQW,QAOA,approximation_quality_and_convergence_speed,A > B,scalar_directional,scalar_directional,true,true,false,false,false,,no,,yes,source_supported_extension,Wilson_direction_preservation,yes,missing_artifact,yes,no,no,,high,no,O1/O2 source-reporting blocker confirmed by failed_criteria_by_claim; scalar relation valid.
ext_2407_06663v2_claim4,2407.06663v2,data/slr/paper_texts/2407.06663v2.txt,insufficient_context,,,true,true,true,true,quantum annealing approximation,MSQW,QAOA,operator_approximation_error,A < B,scalar_directional,scalar_directional,true,true,false,false,false,,no,,yes,source_supported_extension,Wilson_direction_preservation,yes,missing_artifact,yes,no,no,,medium,yes,O1/O2 source-reporting blocker confirmed by failed_criteria_by_claim; scalar relation valid.
ext_2407_06663v2_claim5,2407.06663v2,data/slr/paper_texts/2407.06663v2.txt,insufficient_context,,,true,true,true,true,optimization via quantum walks/QAOA,MSQW,QAOA,solution_quality_at_same_resources,A > B,scalar_directional,scalar_directional,true,true,false,false,false,,no,,yes,source_supported_extension,Wilson_direction_preservation,yes,missing_artifact,yes,no,no,,medium,yes,O1/O2 source-reporting blocker confirmed by failed_criteria_by_claim; scalar relation valid.
ext_2407_17325v2_claim1,2407.17325v2,data/slr/paper_texts/2407.17325v2.txt,insufficient_context,,,true,true,true,true,distributed QAOA framework,noise-aware distributed QAOA,naive/single-QPU QAOA strategy,computational speed and accuracy,A > B,multi_objective,multi_objective,false,false,false,true,false,,no,,yes,relation_specific,dominance_check,yes,non_scalar_relation,no,no,no,,medium,yes,Source confirms 2+ metrics; multi-objective relation; dominance_check is formal.
ext_2408_08365v1_claim1,2408.08365v1,data/slr/paper_texts/2408.08365v1.txt,verified_sentence,line 111,"demonstrate a 30% reduction in gate count and a 39x acceleration in compilation time. The rest of the paper is structured as follows: In Section 2, we",true,true,true,true,QAOA circuit compilation on IBM heavy-hex,Coqa (LNN-based),general-purpose QAOA compilers,gate count and compilation time (multi-metric),A < B on both (multi-objective),multi_objective,multi_objective,false,false,false,false,false,,no,,yes,relation_specific,dominance_check,yes,non_scalar_relation,no,no,no,,high,no,30% gate count + 39x compile-time speedup; clearly multi-objective.
ext_2408_08365v1_claim2,2408.08365v1,data/slr/paper_texts/2408.08365v1.txt,insufficient_context,,,true,true,true,true,large-scale QAOA compilation,Coqa/proposed method,QAIM and Structured Method,compilation time,A < B,scalar_directional,scalar_directional,true,true,false,false,false,,no,,yes,source_supported_extension,Wilson_direction_preservation,yes,missing_artifact,yes,no,no,,medium,yes,O1/O2 source-reporting blocker confirmed by failed_criteria_by_claim; scalar relation valid.
ext_2408_08365v1_claim3,2408.08365v1,data/slr/paper_texts/2408.08365v1.txt,verified_sentence,line 421,"For instance, at 65 qubits, our method takes only 0.012 seconds, compared to 292 seconds for QAIM and 0.8 seconds for the Structured Method. As the qubit count increases, the efficiency of our method",true,true,true,true,65-qubit QAOA compilation,Coqa/proposed method,QAIM and Structured Method,compilation time,A < B,scalar_directional,scalar_directional,true,true,false,false,false,,no,,yes,source_supported_extension,Wilson_direction_preservation,yes,missing_artifact,yes,no,no,,high,no,O1/O2 source-reporting blocker confirmed by failed_criteria_by_claim; scalar relation valid.
ext_2408_08365v1_claim4,2408.08365v1,data/slr/paper_texts/2408.08365v1.txt,insufficient_context,,,true,true,true,true,1025-qubit QAOA compilation,Coqa/proposed method,QAIM,compilation time,A < B,scalar_directional,scalar_directional,true,true,false,false,false,,no,,yes,source_supported_extension,Wilson_direction_preservation,yes,missing_artifact,yes,no,no,,medium,yes,O1/O2 source-reporting blocker confirmed by failed_criteria_by_claim; scalar relation valid.
ext_2409_08844v2_claim1,2409.08844v2,data/slr/paper_texts/2409.08844v2.txt,insufficient_context,,,true,true,true,true,,,,,,scalar_directional,scalar_directional,true,true,true,true,true,yes,yes,yes,yes,exact,Wilson_direction_preservation,yes,none,no,no,no,,medium,yes,tier=T1
ext_2409_08844v2_claim3,2409.08844v2,data/slr/paper_texts/2409.08844v2.txt,verified_sentence,line 614,"emerge. First, we see that, as a whole, Qiskit outperforms BQSKit, Staq, and Tket in terms of 2Q gate count; a trend clearly seen in the BQSKit and Tket data. This is",true,true,true,true,,,,,,scalar_directional,scalar_directional,true,true,true,true,true,yes,yes,yes,yes,exact,Wilson_direction_preservation,yes,none,no,no,no,,high,no,tier=T1
ext_2409_08844v2_claim4,2409.08844v2,data/slr/paper_texts/2409.08844v2.txt,insufficient_context,,,true,true,true,true,,,,,,scalar_directional,scalar_directional,true,true,true,true,true,yes,yes,yes,yes,exact,Wilson_direction_preservation,yes,none,no,no,no,,medium,yes,tier=T1
ext_2409_08844v2_claim5,2409.08844v2,data/slr/paper_texts/2409.08844v2.txt,insufficient_context,,,true,true,true,true,QTS restricted-coupling-map transpilation,QTS,Qiskit,2Q-gate count and 2Q-gate depth,A < B,multi_objective,multi_objective,false,false,true,true,false,,no,,yes,relation_specific,dominance_check,yes,non_scalar_relation,no,no,no,,medium,yes,Source confirms 2+ metrics; multi-objective relation; dominance_check is formal.
ext_2409_08844v2_claim6,2409.08844v2,data/slr/paper_texts/2409.08844v2.txt,verified_sentence,line 656,"clearly show that Staq is the fastest of the transpilation pipelines, while the QTS and Tket are over an order of magnitude slower that Qiskit. BQSKit has",true,true,true,true,,,,,,scalar_directional,relation_specific,true,false,true,true,false,no,no,yes,yes,relation_specific,relation-specific (see notes),no,invalid_runtime_environment,no,no,no,,high,no,tier=T3
ext_2409_10739v3_claim1,2409.10739v3,data/slr/paper_texts/2409.10739v3.txt,verified_sentence,line 29,"(QAOA) to optimize ansatz parameters in place of traditional gradient-based methods. We benchmark this EvolutionaryQAOA (E-QAOA) approach on the Max-Cut problem for d3 regular graphs of 4 to 26 nodes, demonstrating equal or higher accuracy and reduced variance compared to COBYLAbased QAOA, especiall",true,true,true,true,Max-Cut on d3 regular graphs,Evolutionary QAOA,COBYLA-based QAOA,accuracy and variance,A > B,multi_objective,multi_objective,false,false,true,true,false,,no,,yes,relation_specific,dominance_check,yes,non_scalar_relation,no,no,no,,high,no,Source confirms 2+ metrics; multi-objective relation; dominance_check is formal.
ext_2409_10739v3_claim2,2409.10739v3,data/slr/paper_texts/2409.10739v3.txt,verified_sentence,line 382,"guessing. The variance for COBYLA is substantially larger than for E-QAOA, and the mean accuracy appears lower than",true,true,true,true,Max-Cut QAOA for n=20 and n=26,E-QAOA,COBYLA QAOA,variance and mean accuracy,A > B,multi_objective,multi_objective,false,false,true,true,false,,no,,yes,relation_specific,dominance_check,yes,non_scalar_relation,no,no,no,,high,no,Source confirms 2+ metrics; multi-objective relation; dominance_check is formal.
ext_2409_14786v3_claim2,2409.14786v3,data/slr/paper_texts/2409.14786v3.txt,insufficient_context,,,true,true,true,true,,,,,,scalar_directional,scalar_directional,true,true,true,true,true,no,no,yes,yes,source_supported_extension,Wilson_direction_preservation,yes,missing_baseline_implementation,no,no,no,,medium,yes,tier=T3
ext_2409_14786v3_claim3,2409.14786v3,data/slr/paper_texts/2409.14786v3.txt,verified_sentence,line 1533,Parity QAOA circuit has a depth 5 times smaller than the vanilla QAOA circuit. For the complete graph with,true,true,true,true,hypergraph QAOA depth (small problems),Parity QAOA,vanilla QAOA,CNOT depth,A < B,scalar_directional,scalar_directional,true,true,true,true,true,no,no,no,yes,verification_only,verification_only,no,missing_baseline_implementation,no,no,yes,broader_auditable=true (verification_only IS a valid broader mode per Layer 8),high,no,Deterministic resource-table claim; verification-only design admissible.
ext_2409_14786v3_claim4,2409.14786v3,data/slr/paper_texts/2409.14786v3.txt,verified_sentence,line 1540,"comprises about 3 .1 times fewer and the circuit for the 4-regular graph N = 8 has 2 .5 times fewer gates. However, the Parity QAOA circuit for the complete graph",true,true,true,true,hypergraph QAOA CNOT count (small problems),Parity QAOA,vanilla QAOA,CNOT gate count,A < B,scalar_directional,scalar_directional,true,true,true,true,true,no,no,no,yes,verification_only,verification_only,no,missing_baseline_implementation,no,no,yes,broader_auditable=true (verification_only IS a valid broader mode per Layer 8),high,no,Deterministic resource-table claim; verification-only design admissible.
ext_2409_14786v3_claim5,2409.14786v3,data/slr/paper_texts/2409.14786v3.txt,insufficient_context,,,true,true,true,true,,,,,,scalar_directional,scalar_directional,true,true,true,true,true,no,no,yes,yes,source_supported_extension,Wilson_direction_preservation,yes,missing_baseline_implementation,no,no,no,,medium,yes,tier=T3
ext_2409_14786v3_claim6,2409.14786v3,data/slr/paper_texts/2409.14786v3.txt,insufficient_context,,,true,true,true,true,,,,,,scalar_directional,scalar_directional,true,true,true,true,true,no,no,yes,yes,source_supported_extension,Wilson_direction_preservation,yes,missing_baseline_implementation,no,no,no,,medium,yes,tier=T3
ext_2409_14786v3_claim7,2409.14786v3,data/slr/paper_texts/2409.14786v3.txt,insufficient_context,,,true,true,true,true,,,,,,scalar_directional,scalar_directional,true,true,true,true,true,no,no,yes,yes,source_supported_extension,Wilson_direction_preservation,yes,missing_baseline_implementation,no,no,no,,medium,yes,tier=T3
ext_2409_14786v3_claim8,2409.14786v3,data/slr/paper_texts/2409.14786v3.txt,insufficient_context,,,true,true,true,true,,,,,,scalar_directional,scalar_directional,true,true,true,true,true,no,no,yes,yes,source_supported_extension,Wilson_direction_preservation,yes,missing_baseline_implementation,no,no,no,,medium,yes,tier=T3
ext_2409_14786v3_claim9,2409.14786v3,data/slr/paper_texts/2409.14786v3.txt,insufficient_context,,,true,true,true,true,hypergraph QAOA resources,Parity QAOA,vanilla QAOA,CNOT depth and gate count,A < B,multi_objective,multi_objective,false,false,true,true,false,,no,,yes,relation_specific,dominance_check,yes,non_scalar_relation,no,no,no,,medium,yes,Source confirms 2+ metrics; multi-objective relation; dominance_check is formal.
ext_2409_15055v2_claim1,2409.15055v2,data/slr/paper_texts/2409.15055v2.txt,verified_sentence,line 899,"than QAOA without cd-terms. We have found that for MaxCut problem with N < 16, QAOA is more advantageous than DC-QAOA(NC), while for larger problems withN > 16, DCQAOA(NC) is superior. This refinement of the comparison",true,true,true,true,MaxCut by graph size,DC-QAOA(NC) for N > 16,QAOA,resource-adjusted performance,A > B,scalar_directional,scalar_directional,true,true,false,false,false,,no,,yes,source_supported_extension,Wilson_direction_preservation,yes,missing_artifact,yes,no,no,,high,no,O1/O2 source-reporting blocker confirmed by failed_criteria_by_claim; scalar relation valid.
ext_2409_15055v2_claim2,2409.15055v2,data/slr/paper_texts/2409.15055v2.txt,verified_sentence,line 899,"than QAOA without cd-terms. We have found that for MaxCut problem with N < 16, QAOA is more advantageous than DC-QAOA(NC), while for larger problems withN > 16, DCQAOA(NC) is superior. This refinement of the comparison",true,true,false,true,MaxCut by graph size,DC-QAOA(NC) at N>16 / QAOA at N<16,QAOA at N>16 / DC-QAOA(NC) at N<16,resource-adjusted performance,crossover at N=16,,crossover_regional,false,false,false,false,false,,no,,yes,relation_specific,crossover_or_regional_check,no,non_scalar_relation,no,no,yes,previous specifiable=false; source clearly states size-dependent crossover at N=16,high,no,Crossover relation between two methods at a size threshold.
ext_2409_15055v2_claim4,2409.15055v2,data/slr/paper_texts/2409.15055v2.txt,verified_sentence,line 528,"environment, the two algorithms reach the same level of performance at around N = 11 . This clearly shows that DCQAOA(NC) is more robust compared to QAOA. This robustness can be attributed to the fact that counterdiabatic driving terms reduce complexity of the circuit. In Fig. 6(c) we can see",true,true,true,true,noisy SK/MaxCut optimization,DC-QAOA(NC),QAOA,robustness/fidelity under noise,A > B,scalar_directional,scalar_directional,true,true,false,false,false,,no,,yes,source_supported_extension,Wilson_direction_preservation,yes,missing_artifact,yes,no,no,,high,no,O1/O2 source-reporting blocker confirmed by failed_criteria_by_claim; scalar relation valid.
ext_2409_15055v2_claim9,2409.15055v2,data/slr/paper_texts/2409.15055v2.txt,verified_sentence,line 872,"For DC-QAOA(NC), logarithm of distance shows a linear trend indicating that the optimal parameters are much more concentrated than in QAOA.",true,true,true,true,MaxCut optimal parameter landscapes,DC-QAOA(NC),QAOA,parameter concentration,A > B,scalar_directional,scalar_directional,true,true,false,false,false,,no,,yes,source_supported_extension,Wilson_direction_preservation,yes,missing_artifact,yes,no,no,,high,no,O1/O2 source-reporting blocker confirmed by failed_criteria_by_claim; scalar relation valid.
ext_2409_18963v3_claim3,2409.18963v3,data/slr/paper_texts/2409.18963v3.txt,insufficient_context,,,true,true,true,true,MCZ decomposition,higher-dit MCZ decomposition,straightforward qubit MCZ decomposition,gate_count_scaling,A < B,scalar_directional,scalar_directional,true,true,false,false,false,,no,,yes,source_supported_extension,Wilson_direction_preservation,yes,missing_artifact,yes,no,no,,medium,yes,O1/O2 source-reporting blocker confirmed by failed_criteria_by_claim; scalar relation valid.
ext_2410_04030v1_claim1,2410.04030v1,data/slr/paper_texts/2410.04030v1.txt,verified_sentence,line 547,"with the problem size. Quadratization (QUBO) requires fewer ancilla qubits and two-qubit gates compared to the other two methods, as the constraints are embedded into the objective function through",true,true,true,true,,,,,,scalar_directional,scalar_directional,true,true,true,true,true,no,no,yes,yes,source_supported_extension,Wilson_direction_preservation,yes,missing_baseline_implementation,no,no,no,,high,no,tier=T3
ext_2410_04030v1_claim2,2410.04030v1,data/slr/paper_texts/2410.04030v1.txt,verified_sentence,line 552,"Although QUBO uses fewer ancilla qubits and two-qubit gates, the results indicate that it requires a greater number of optimization iterations and a longer runtime. A potential explanation for",true,true,true,true,,,,,,scalar_directional,scalar_directional,true,true,true,true,true,no,no,yes,yes,source_supported_extension,Wilson_direction_preservation,yes,missing_baseline_implementation,no,no,no,,high,no,tier=T3
ext_2410_15626v1_legacy_claim5,2410.15626v1,data/slr/paper_texts/2410.15626v1.txt,insufficient_context,,,true,true,true,true,QAOA depth effect on Max-Cut runtime,lower-depth QAOA,higher-depth QAOA,computational time,A < B,scalar_directional,scalar_directional,true,true,false,false,false,,no,,yes,source_supported_extension,Wilson_direction_preservation,yes,missing_artifact,yes,no,no,,medium,yes,O1/O2 source-reporting blocker confirmed by failed_criteria_by_claim; scalar relation valid.
ext_2410_22247v2_claim2,2410.22247v2,data/slr/paper_texts/2410.22247v2.txt,verified_sentence,line 575,"of the key findings is the significant reduction in optimizer-time when using the reduced Hamiltonian, particularly for larger graphs. While the performance difference between the reduced and full Hamiltonians is relatively minor for smaller graphs, it becomes increasingly pronounced as the size and",true,true,true,true,automorphism-reduced Hamiltonian optimization,reduced Hamiltonian,full Hamiltonian,optimizer time,A < B,scalar_directional,scalar_directional,true,true,false,false,false,,no,,yes,source_supported_extension,Wilson_direction_preservation,yes,missing_artifact,yes,no,no,,high,no,O1/O2 source-reporting blocker confirmed by failed_criteria_by_claim; scalar relation valid.
ext_2410_22247v2_claim3,2410.22247v2,data/slr/paper_texts/2410.22247v2.txt,verified_sentence,line 602,"reduction of more than 90%. In terms of memory consumption, the simulation using reduced Hamiltonian consistently requires less peak memory compared to the full Hamiltonian. This reduction becomes especially critical for large graphs, where memory constraints often limit the feasibility of quantum s",true,true,true,true,automorphism-reduced Hamiltonian simulation,reduced Hamiltonian,full Hamiltonian,peak memory consumption,A < B,scalar_directional,scalar_directional,true,true,false,false,false,,no,,yes,source_supported_extension,Wilson_direction_preservation,yes,missing_artifact,yes,no,no,,high,no,O1/O2 source-reporting blocker confirmed by failed_criteria_by_claim; scalar relation valid.
ext_2411_00518v2_claim1,2411.00518v2,data/slr/paper_texts/2411.00518v2.txt,verified_sentence,line 96,conduct numerical experiments for our method on the same benchmark instances as for the Copula-QAOA and demonstrate that our method is able to provide higher approximation,true,true,true,true,,,,,,scalar_directional,scalar_directional,true,true,true,true,true,yes,yes,yes,yes,exact,Wilson_direction_preservation,yes,none,no,no,no,,high,no,tier=T1
ext_2411_00518v2_claim2,2411.00518v2,data/slr/paper_texts/2411.00518v2.txt,insufficient_context,,,true,true,false,true,knapsack QAOA across problem sizes,Copula-QAOA at small sizes / QTG-QAOA at large sizes,QTG-QAOA at small sizes / Copula-QAOA at large sizes,performance/efficacy,size-dependent crossover,,crossover_regional,false,false,false,false,false,,no,,yes,relation_specific,crossover_or_regional_check,no,non_scalar_relation,no,no,yes,previous specifiable=false; source clearly states crossover behavior with problem size,high,no,Size-dependent crossover; relation-specific design via crossover_check.
ext_2411_00518v2_claim3,2411.00518v2,data/slr/paper_texts/2411.00518v2.txt,verified_sentence,line 949,"noted, however, that it achieves significantly better probability values between five and ten items compared to the QTGbased AAM-QAOA, with the global maxima being around",true,true,true,true,,,,,,scalar_directional,scalar_directional,true,true,true,true,true,yes,yes,yes,yes,exact,Wilson_direction_preservation,yes,none,no,no,no,,high,no,tier=T1
ext_2411_10062v1_claim3,2411.10062v1,data/slr/paper_texts/2411.10062v1.txt,verified_sentence,line 980,current quantum computers. Working on noisy quantum computers might be advantageous for the QUBO formulation because of a simpler quantum circuit with a smaller depth.,true,true,true,true,railway timetabling QAOA,QUBO formulation,PUBO formulation,circuit_depth,A < B,scalar_directional,scalar_directional,true,true,false,false,false,,no,,yes,source_supported_extension,Wilson_direction_preservation,yes,missing_artifact,yes,no,no,,high,no,O1/O2 source-reporting blocker confirmed by failed_criteria_by_claim; scalar relation valid.
ext_2411_19388v1_claim1,2411.19388v1,data/slr/paper_texts/2411.19388v1.txt,insufficient_context,,,true,true,true,true,QAOA on random Max-kXOR at large clause-to-variable ratio,smaller k Max-kXOR instances,larger k Max-kXOR instances,QAOA ensemble-averaged approximation ratio M4,A > B,scalar_directional,scalar_directional,true,true,false,false,false,,no,,yes,source_supported_extension,Wilson_direction_preservation,yes,missing_artifact,yes,no,no,,medium,yes,O1/O2 source-reporting blocker confirmed by failed_criteria_by_claim; scalar relation valid.
ext_2411_19388v1_claim11,2411.19388v1,data/slr/paper_texts/2411.19388v1.txt,insufficient_context,,,true,true,true,true,QAOA vs MF-AOA at larger k on random Max-kXOR,QAOA,MF-AOA classical benchmark,ensemble-averaged approximation ratio,A > B,scalar_directional,scalar_directional,true,true,false,false,false,,no,,yes,source_supported_extension,Wilson_direction_preservation,yes,missing_artifact,yes,no,no,,medium,yes,O1/O2 source-reporting blocker confirmed by failed_criteria_by_claim; scalar relation valid.
ext_2411_19388v1_claim4,2411.19388v1,data/slr/paper_texts/2411.19388v1.txt,verified_sentence,line 579,"observe that the MF-AOA exhibits a broadened distribution of Mp, indicating greater variance of the MFAOA across random instances. Despite the wider distribution, the MF-AOA consistently matches the QAOA on average. Notably, the QAOA’s ensemble-averaged approximation ratio relative to MF-AOA improve",true,true,true,true,random Max-kXOR optimization across varying k,MF-AOA,QAOA,ensemble-averaged approximation ratio Mp,A ~= B,scalar_directional,scalar_directional,true,true,false,false,false,,no,,yes,source_supported_extension,Wilson_direction_preservation,yes,missing_artifact,yes,no,no,,high,no,O1/O2 source-reporting blocker confirmed by failed_criteria_by_claim; scalar relation valid.
ext_2411_19388v1_claim5,2411.19388v1,data/slr/paper_texts/2411.19388v1.txt,verified_sentence,line 592,"show that for small systems ( N ≈ 8), the QAOA outperforms the MF-AOA. However, as the system size increases ( N ≈ 20), the MF-AOA surpasses the QAOA. Interestingly, for small values of p, the QAOA’s approximation ratio remains nearly independent of the system",true,true,true,true,QAOA vs MF-AOA on random Max-kXOR at small system size,QAOA,MF-AOA,ensemble-averaged approximation ratio Mp,A > B,scalar_directional,scalar_directional,true,true,false,false,false,,no,,yes,source_supported_extension,Wilson_direction_preservation,yes,missing_artifact,yes,no,no,,high,no,O1/O2 source-reporting blocker confirmed by failed_criteria_by_claim; scalar relation valid.
ext_2411_19388v1_claim6,2411.19388v1,data/slr/paper_texts/2411.19388v1.txt,verified_sentence,line 592,"show that for small systems ( N ≈ 8), the QAOA outperforms the MF-AOA. However, as the system size increases ( N ≈ 20), the MF-AOA surpasses the QAOA. Interestingly, for small values of p, the QAOA’s approximation ratio remains nearly independent of the system",true,true,true,true,QAOA vs MF-AOA on random Max-kXOR at larger system size,MF-AOA,QAOA,ensemble-averaged approximation ratio Mp,A > B,scalar_directional,scalar_directional,true,true,false,false,false,,no,,yes,source_supported_extension,Wilson_direction_preservation,yes,missing_artifact,yes,no,no,,high,no,O1/O2 source-reporting blocker confirmed by failed_criteria_by_claim; scalar relation valid.
ext_2411_19388v1_claim7,2411.19388v1,data/slr/paper_texts/2411.19388v1.txt,insufficient_context,,,true,true,true,true,QAOA vs MF-AOA on hard random Max-kXOR instances,high-depth QAOA,MF-AOA,ensemble-averaged approximation ratio Mp,A > B at sufficiently high circuit depth,scalar_directional,scalar_directional,true,true,false,false,false,,no,,yes,source_supported_extension,Wilson_direction_preservation,yes,missing_artifact,yes,no,no,,medium,yes,O1/O2 source-reporting blocker confirmed by failed_criteria_by_claim; scalar relation valid.
ext_2411_19388v1_claim8,2411.19388v1,data/slr/paper_texts/2411.19388v1.txt,verified_sentence,line 601,"MF-AOA’s approximation ratio as the circuit depth increases. However, the QAOA requires relatively high circuit depths to match the Mp value achieved by the classical benchmark for both low and high k values. Notably, for the easy case( r = 0.5) at k = 5, the QAOA matches",true,true,true,true,QAOA depth required to match classical benchmark on random Max-kXOR,MF-AOA classical benchmark,QAOA,circuit depth required to match Mp,A < B,scalar_directional,scalar_directional,true,true,false,false,false,,no,,yes,source_supported_extension,Wilson_direction_preservation,yes,missing_artifact,yes,no,no,,high,no,O1/O2 source-reporting blocker confirmed by failed_criteria_by_claim; scalar relation valid.
ext_2412_13271v1_claim5,2412.13271v1,data/slr/paper_texts/2412.13271v1.txt,verified_sentence,line 799,"the exact solution. In both cases, the trigonometric kernels improve upon the performance of the bare RotoSolve without GPM: we find both",true,true,true,true,RotoGP optimization with GPM kernels,RotoGP with trigonometric kernels,bare RotoSolve without GPM,optimization accuracy and convergence speed,A > B,multi_objective,multi_objective,false,false,true,true,false,,no,,yes,relation_specific,dominance_check,yes,non_scalar_relation,no,no,no,,high,no,Source confirms 2+ metrics; multi-objective relation; dominance_check is formal.
ext_2202_14025v1_legacy_claim19,2202.14025v1,data/slr/paper_texts/2202.14025v1.txt,verified_sentence,line 1281,"For quantum chemistry (UCCSD) circuits, we observe that PytketChem and FullReduce show the best performance according to CF (1Q) and CF (2Q) compression ratios as the overall circuit cost, which is in agreement with the",,true,,true,UCCSD subroutine ranking,PytketChem and FullReduce,other subroutines,"CF(1Q), CF(2Q), and circuit cost",A > B,,multi_objective,,false,,true,,,,,yes,relation_specific,dominance_check,yes,non_scalar_relation,,,no,,high,no,Stage 2 sample: multi-metric ranking confirmed.
ext_2304_08814v2_claim4,2304.08814v2,data/slr/paper_texts/2304.08814v2.txt,verified_sentence,line 371,"(ps) generates strictly less CNOTs than the naive decomposition, but the lookahead heuristic makes the algorithm slightly slower than naive. Re-synthesizing the trailing CNOTs is beneficial for circuits with more phase gadgets but for",,true,,true,synthesis algorithm comparison,ParitySynth (ps),naive decomposition,CNOT count,A < B,,scalar_directional,,true,,true,,,,,yes,source_supported_extension,Wilson_direction_preservation,yes,missing_baseline_implementation,,,no,,high,no,Stage 2 sample: scalar-directional CNOT reduction confirmed.
ext_2101_10296v3_claim3,2101.10296v3,data/slr/paper_texts/2101.10296v3.txt,verified_sentence,line 67,"solvers, we observe a median speedup of 8 .96 and a mean speedup of over 2726. In practice, the beneﬁts of using the",,true,,true,QAOA automorphism reduction,automorphism-reduced QAOA,baseline QAOA,speedup (aggregate),A > B,,aggregate,,false,,true,,,,,yes,relation_specific,aggregate_recompute,yes,non_scalar_relation,,,no,,high,no,Stage 2 sample: aggregate (median speedup); aggregate_recompute is formal.
ext_2411_10062v1_claim1,2411.10062v1,data/slr/paper_texts/2411.10062v1.txt,verified_sentence,line 883,Impact of the number of qubits. The first advantage of PUBO reformulations is that they necessitate less qubits than QUBO reformulations. This is a general difference between QUBO,,true,,true,railway timetabling QAOA,PUBO formulation,QUBO formulation,qubit count,A < B,,scalar_directional,,true,,false,,,,,yes,source_supported_extension,Wilson_direction_preservation,yes,missing_artifact,yes,,no,,high,no,Stage 2 sample: scalar-directional qubit count comparison; missing-artifact blocker.
ext_2208_13380v2_claim2,2208.13380v2,data/slr/paper_texts/2208.13380v2.txt,verified_sentence,line 1064,"Secondly, the simulated trajectories are consistently slower than the measured trajectories; e.g. at ξ = 0.01 Φ0, the",,false,,false,nonstandard two-qubit Cartan trajectory simulation,measured Cartan trajectories,simulated Cartan trajectories,trajectory speed,A > B,,unclear_boundary,,false,,false,,,,,no,boundary_no_design,boundary_report,no,missing_comparator,yes,,yes,Layer 1 strict reading: simulation-vs-measurement is not a method-vs-method/tool/algorithm/config comparator.,medium,yes,Stage 2 sample CHANGE: simulation-vs-measurement is a verification setup; flag for reviewer.
ext_2405_07624v1_claim3,2405.07624v1,data/slr/paper_texts/2405.07624v1.txt,verified_sentence,line 752,behavior of the quantum solvers (DW and QAOA) is shallower than both SA and LS.,,true,,true,Max-Cut solver scaling,DW and QAOA,SA and LS,TTS scaling slope,A < B,,scalar_directional,,true,,false,,,,,yes,source_supported_extension,Wilson_direction_preservation,yes,missing_artifact,yes,,no,,medium,no,Stage 2 sample: scaling-slope claim; missing-artifact for QAOA implementation.
ext_2311_16190v3_claim3,2311.16190v3,data/slr/paper_texts/2311.16190v3.txt,verified_sentence,line 1150,with edge occupancy 30%. Q-Pilot again shows an average of 10.0× reduction in compiled 2-Q gate count and an average of 6.7× reduction in the compiled circuit depth.,,true,,true,neutral-atom compilation,Q-Pilot,baseline compiler,2-Q gate count and circuit depth,A < B,,multi_objective,,false,,false,,,,,yes,relation_specific,dominance_check,yes,non_scalar_relation,,,no,,high,no,Stage 2 sample: multi-objective (gate count + depth).
ext_2110_00592v2_claim4,2110.00592v2,data/slr/paper_texts/2110.00592v2.txt,verified_sentence,line 736,"Nuwa outperforms other algorithms by a signiﬁcant margin, both with and without applying commutation",,true,,false,Nuwa routing/mapping,Nuwa,other algorithms (vague class),Swap gate count (implicit),A < B,,unclear_boundary,,false,,false,,,,,no,boundary_no_design,boundary_report,no,missing_comparator,yes,,yes,vague comparator class breaks Layer 2 specifiability,medium,yes,Stage 2 sample CHANGE: 'other algorithms' is vague; not claim-card-specifiable.
ext_2408_13316v2_claim2,2408.13316v2,data/slr/paper_texts/2408.13316v2.txt,verified_sentence,line 119,• We demonstrate that QuCLEAR is effective in optimizing logical circuits and may outperform hardware-aware algorithms when mapping to devices with limited connectivity,,true,,false,logical-circuit optimization under limited connectivity,QuCLEAR,hardware-aware algorithms,optimization quality,A > B (hedged),,unclear_boundary,,false,,false,,,,,no,boundary_no_design,boundary_report,no,missing_comparator,yes,,no,,medium,yes,Stage 2 sample: hedged 'may outperform'; comparator is vague class.
